tokens,bio_tags,sentiment_tags
"['i', 'am', 'a', 'bit', 'tall', ',', 'so', 'the', 'sleeves', 'and', 'hem', 'were', 'shorter', 'than', 'i', 'would', 'have', 'liked', ',', 'but', 'the', 'color', 'is', 'so', 'gorgeous', 'that', 'i', 'do', 'not', 'even', 'mind', '!']","['O', 'O', 'O', 'O', 'O', 'O', 'O', 'O', 'B-sleeve', 'O', 'B-length', 'O', 'O', 'O', 'O', 'O', 'O', 'O', 'O', 'O', 'O', 'O', 'O', 'O', 'O', 'O', 'O', 'O', 'O', 'O', 'O', 'O']","['O', 'O', 'O', 'O', 'O', 'O', 'O', 'O', 'B-negative', 'O', 'B-negative', 'O', 'O', 'O', 'O', 'O', 'O', 'O', 'O', 'O', 'O', 'O', 'O', 'O', 'O', 'O', 'O', 'O', 'O', 'O', 'O', 'O']"
"['it', 'was', 'a', 'little', 'bit', 'small', 'for', 'me', '.']","['O', 'O', 'O', 'O', 'O', 'B-overall', 'O', 'O', 'O']","['O', 'O', 'O', 'O', 'O', 'B-negative', 'O', 'O', 'O']"
"['i', 'like', 'to', 'be', 'able', 'to', 'button', 'my', 'cardigans', 'all', 'the', 'way', 'up', ',', 'but', 'it', 'did', 'not', 'look', 'as', 'flattering', 'as', 'i', 'would', 'have', 'hoped', '.']","['O', 'O', 'O', 'O', 'O', 'O', 'B-buttoned_indirect', 'O', 'O', 'O', 'O', 'O', 'O', 'O', 'O', 'O', 'O', 'O', 'O', 'O', 'O', 'O', 'O', 'O', 'O', 'O', 'O']","['O', 'O', 'O', 'O', 'O', 'O', 'B-negative', 'O', 'O', 'O', 'O', 'O', 'O', 'O', 'O', 'O', 'O', 'O', 'O', 'O', 'O', 'O', 'O', 'O', 'O', 'O', 'O']"
"['it', 'runs', 'a', 'little', 'smaller', '.']","['O', 'O', 'O', 'O', 'B-overall_indirect', 'O']","['O', 'O', 'O', 'O', 'B-negative', 'O']"
"['too', 'small', 'for', 'me', '.']","['O', 'B-overall', 'O', 'O', 'O']","['O', 'B-negative', 'O', 'O', 'O']"
"['the', 'medium', 'was', 'too', 'tight', 'in', 'the', 'arms', 'and', 'the', 'bust', ';', 'the', 'large', 'was', 'still', 'too', 'tight', 'in', 'the', 'arms', 'but', 'somewhat', 'baggy', 'everywhere', 'else', '.']","['O', 'O', 'O', 'O', 'O', 'O', 'O', 'B-sleeve', 'O', 'O', 'B-chest', 'O', 'O', 'O', 'O', 'O', 'O', 'O', 'O', 'O', 'B-sleeve', 'O', 'O', 'B-overall', 'O', 'O', 'O']","['O', 'O', 'O', 'O', 'O', 'O', 'O', 'B-negative', 'O', 'O', 'B-negative', 'O', 'O', 'O', 'O', 'O', 'O', 'O', 'O', 'O', 'B-negative', 'O', 'O', 'B-negative', 'O', 'O', 'O']"
"['a', 'little', 'small', 'around', 'the', 'bust', ',', 'but', 'i', 'have', 'a', 'large', 'bust', 'and', 'it', 'still', 'looked', 'cute', '.']","['O', 'O', 'O', 'O', 'O', 'B-chest', 'O', 'O', 'O', 'O', 'O', 'O', 'O', 'O', 'O', 'O', 'O', 'O', 'O']","['O', 'O', 'O', 'O', 'O', 'B-negative', 'O', 'O', 'O', 'O', 'O', 'O', 'O', 'O', 'O', 'O', 'O', 'O', 'O']"
"['sleeves', 'are', 'a', 'little', 'snug', ',', 'due', 'to', 'my', 'bust', 'size', 'it', 'will', 'not', 'look', 'good', 'buttoned', 'on', 'me', ',', 'but', 'is', 'fine', 'as', 'an', 'open', 'cardigan', '.']","['B-sleeve', 'O', 'O', 'O', 'O', 'O', 'O', 'O', 'O', 'O', 'O', 'O', 'O', 'O', 'O', 'O', 'B-buttoned', 'O', 'O', 'O', 'O', 'O', 'O', 'O', 'O', 'O', 'O', 'O']","['O', 'O', 'O', 'O', 'O', 'O', 'O', 'O', 'O', 'O', 'O', 'O', 'O', 'O', 'O', 'O', 'B-negative', 'O', 'O', 'O', 'O', 'O', 'O', 'O', 'O', 'O', 'O', 'O']"
"['it', 'was', 'not', 'as', 'loose', 'or', 'as', 'long', 'as', 'if', 'hoped', 'for', 'but', 'it', 'is', 'still', 'a', 'great', 'sweater', '.']","['O', 'O', 'O', 'O', 'B-overall', 'O', 'O', 'B-length', 'O', 'O', 'O', 'O', 'O', 'O', 'O', 'O', 'O', 'O', 'O', 'O']","['O', 'O', 'O', 'O', 'B-negative', 'O', 'O', 'B-negative', 'O', 'O', 'O', 'O', 'O', 'O', 'O', 'O', 'O', 'O', 'O', 'O']"
"['the', 'length', 'and', 'sleeves', 'are', 'perfect', '.']","['O', 'B-length', 'O', 'B-sleeve', 'O', 'O', 'O']","['O', 'O', 'O', 'B-positive', 'O', 'O', 'O']"
"['i', 'am', 'glad', 'i', 'got', 'the', '2x', 'it', 'is', 'snug', 'in', 'the', 'bust', '.']","['O', 'O', 'O', 'O', 'O', 'O', 'O', 'O', 'O', 'O', 'O', 'O', 'B-chest', 'O']","['O', 'O', 'O', 'O', 'O', 'O', 'O', 'O', 'O', 'O', 'O', 'O', 'B-negative', 'O']"
"['the', 'color', 'was', 'perfect', ',', 'however', 'it', 'fit', 'smaller', 'than', 'expected', '.']","['O', 'O', 'O', 'O', 'O', 'O', 'O', 'O', 'B-overall', 'O', 'O', 'O']","['O', 'O', 'O', 'O', 'O', 'O', 'O', 'O', 'B-negative', 'O', 'O', 'O']"
"['the', 'color', 'is', 'cute', 'and', 'the', 'length', 'is', 'good', '.']","['O', 'O', 'O', 'O', 'O', 'O', 'B-length', 'O', 'O', 'O']","['O', 'O', 'O', 'O', 'O', 'O', 'B-positive', 'O', 'O', 'O']"
"['because', 'i', 'like', 'my', 'cardigans', 'oversized', 'i', 'could', 'have', 'gone', 'up', 'another', 'size', 'i', 'think', 'but', 'this', 'size', 'fits', 'perfectly', 'if', 'i', 'want', 'to', 'button', 'it', 'up', '(', 'i', 'just', 'marked', 'it', 'a', 'bit', 'small', 'because', 'normally', 'i', 'prefer', 'my', 'cardigans', 'a', 'bit', 'larger', ')', '.']","['O', 'O', 'O', 'O', 'O', 'O', 'O', 'O', 'O', 'O', 'O', 'O', 'O', 'O', 'O', 'O', 'O', 'O', 'B-overall', 'O', 'O', 'O', 'O', 'O', 'O', 'O', 'O', 'O', 'O', 'O', 'O', 'O', 'O', 'O', 'O', 'O', 'O', 'O', 'O', 'O', 'O', 'O', 'O', 'B-overall_indirect', 'O', 'O']","['O', 'O', 'O', 'O', 'O', 'O', 'O', 'O', 'O', 'O', 'O', 'O', 'O', 'O', 'O', 'O', 'O', 'O', 'B-positive', 'O', 'O', 'O', 'O', 'O', 'O', 'O', 'O', 'O', 'O', 'O', 'O', 'O', 'O', 'O', 'O', 'O', 'O', 'O', 'O', 'O', 'O', 'O', 'O', 'B-negative', 'O', 'O']"
"['longer', 'than', 'expected', 'but', 'not', 'in', 'a', 'bad', 'way', '.']","['B-length', 'O', 'O', 'O', 'O', 'O', 'O', 'O', 'O', 'O']","['O', 'O', 'O', 'O', 'O', 'O', 'O', 'O', 'O', 'O']"
"['my', 'arms', 'are', 'a', 'bit', 'on', 'the', 'short', 'side', 'so', 'the', 'sleeves', 'were', 'a', 'bit', 'of', 'an', 'awkward', 'length', 'but', 'easily', 'solved', 'by', 'folding', 'back', 'the', 'cuffs', '.']","['O', 'O', 'O', 'O', 'O', 'O', 'O', 'O', 'O', 'O', 'O', 'B-sleeve', 'O', 'O', 'O', 'O', 'O', 'O', 'O', 'O', 'O', 'O', 'O', 'O', 'O', 'O', 'O', 'O']","['O', 'O', 'O', 'O', 'O', 'O', 'O', 'O', 'O', 'O', 'O', 'B-negative', 'O', 'O', 'O', 'O', 'O', 'O', 'O', 'O', 'O', 'O', 'O', 'O', 'O', 'O', 'O', 'O']"
"['run', 'small', 'size', 'up.a', 'lot', ',', 'other', 'than', 'that', 'perfect']","['O', 'B-overall', 'O', 'O', 'O', 'O', 'O', 'O', 'O', 'O']","['O', 'B-negative', 'O', 'O', 'O', 'O', 'O', 'O', 'O', 'O']"
"['its', 'small', 'access', 'the', 'chest', ',', 'but', 'i', 'never', 'do', 'up', 'cardigans', ',', 'so', 'it', 'is', 'okay', 'for', 'me', '.']","['O', 'O', 'O', 'O', 'B-chest', 'O', 'O', 'O', 'O', 'O', 'O', 'O', 'O', 'O', 'O', 'O', 'O', 'O', 'O', 'O']","['O', 'O', 'O', 'O', 'B-negative', 'O', 'O', 'O', 'O', 'O', 'O', 'O', 'O', 'O', 'O', 'O', 'O', 'O', 'O', 'O']"
"['it', 'is', 'short', 'and', 'small', '.']","['O', 'O', 'B-length', 'O', 'B-overall', 'O']","['O', 'O', 'B-negative', 'O', 'B-negative', 'O']"
"['it', 'runs', 'a', 'bit', 'small', 'but', 'it', 'has', 'plenty', 'of', 'stretch', 'so', 'i', 'had', 'no', 'issue', 'with', 'it', '.']","['O', 'O', 'O', 'O', 'B-overall', 'O', 'O', 'O', 'O', 'O', 'O', 'O', 'O', 'O', 'O', 'O', 'O', 'O', 'O']","['O', 'O', 'O', 'O', 'B-negative', 'O', 'O', 'O', 'O', 'O', 'O', 'O', 'O', 'O', 'O', 'O', 'O', 'O', 'O']"
"['runs', 'small', 'but', 'i', 'love', 'it', '.']","['O', 'B-overall', 'O', 'O', 'O', 'O', 'O']","['O', 'B-negative', 'O', 'O', 'O', 'O', 'O']"
"['it', 'is', 'a', 'little', 'on', 'the', 'tight', 'side', '.']","['O', 'O', 'O', 'O', 'O', 'O', 'B-overall', 'O', 'O']","['O', 'O', 'O', 'O', 'O', 'O', 'B-negative', 'O', 'O']"
"['the', 'color', 'is', 'perfect', 'and', 'i', 'like', 'the', 'length', '.']","['O', 'O', 'O', 'O', 'O', 'O', 'O', 'O', 'B-length', 'O']","['O', 'O', 'O', 'O', 'O', 'O', 'O', 'O', 'B-positive', 'O']"
"['but', 'it', 'was', 'too', 'small', 'for', 'me', ',', 'so', 'i', 'am', 'exchanging', 'it', 'for', 'a', 'larger', 'size', '.']","['O', 'O', 'O', 'O', 'B-overall', 'O', 'O', 'O', 'O', 'O', 'O', 'O', 'O', 'O', 'O', 'O', 'O', 'O']","['O', 'O', 'O', 'O', 'B-negative', 'O', 'O', 'O', 'O', 'O', 'O', 'O', 'O', 'O', 'O', 'O', 'O', 'O']"
"['definitely', 'runs', 'a', 'little', 'small', 'but', 'it', 'is', 'a', 'great', 'quality', '.']","['O', 'O', 'O', 'O', 'B-overall', 'O', 'O', 'O', 'O', 'O', 'O', 'O']","['O', 'O', 'O', 'O', 'B-negative', 'O', 'O', 'O', 'O', 'O', 'O', 'O']"
"['the', 'cardigan', 'is', 'a', 'tad', 'small', 'but', 'i', 'decided', 'to', 'keep', 'it', 'because', 'i', 'think', 'the', 'xl', 'would', 'just', 'hang', '.']","['O', 'O', 'O', 'O', 'O', 'B-overall', 'O', 'O', 'O', 'O', 'O', 'O', 'O', 'O', 'O', 'O', 'O', 'O', 'O', 'O', 'O']","['O', 'O', 'O', 'O', 'O', 'B-negative', 'O', 'O', 'O', 'O', 'O', 'O', 'O', 'O', 'O', 'O', 'O', 'O', 'O', 'O', 'O']"
"['i', 'wear', 'a', '2', 'or', '3x', 'in', 'everything', ',', 'depending', 'on', 'how', 'snug', 'or', 'loose', 'i', 'want', 'it', 'to', 'fit', '.']","['O', 'O', 'O', 'O', 'O', 'O', 'O', 'O', 'O', 'O', 'O', 'O', 'O', 'O', 'O', 'O', 'O', 'O', 'O', 'B-overall', 'O']","['O', 'O', 'O', 'O', 'O', 'O', 'O', 'O', 'O', 'O', 'O', 'O', 'O', 'O', 'O', 'O', 'O', 'O', 'O', 'B-neutral', 'O']"
"['this', 'runs', 'extremely', 'small', '!']","['O', 'O', 'O', 'B-overall', 'O']","['O', 'O', 'O', 'B-negative', 'O']"
"['i', 'ordered', 'a', 'l', 'and', 'fits', 'slightly', 'snug', 'in', 'the', 'arms', 'for', 'me', ',', 'but', 'not', 'bad', 'enough', 'to', 'send', 'back', '.']","['O', 'O', 'O', 'O', 'O', 'O', 'O', 'O', 'O', 'O', 'B-sleeve', 'O', 'O', 'O', 'O', 'O', 'O', 'O', 'O', 'O', 'O', 'O']","['O', 'O', 'O', 'O', 'O', 'O', 'O', 'O', 'O', 'O', 'B-negative', 'O', 'O', 'O', 'O', 'O', 'O', 'O', 'O', 'O', 'O', 'O']"
"['my', 'only', 'complaint', 'is', 'that', 'it', 'is', 'a', 'tad', 'too', 'short', 'but', 'that', 'could', 'be', 'because', 'i', 'have', 'a', 'long', 'torso', '.']","['O', 'O', 'O', 'O', 'O', 'O', 'O', 'O', 'O', 'O', 'B-length', 'O', 'O', 'O', 'O', 'O', 'O', 'O', 'O', 'O', 'O', 'O']","['O', 'O', 'O', 'O', 'O', 'O', 'O', 'O', 'O', 'O', 'B-negative', 'O', 'O', 'O', 'O', 'O', 'O', 'O', 'O', 'O', 'O', 'O']"
"['it', 'is', 'a', 'little', 'small', 'in', 'the', 'arms', 'but', 'overall', 'i', 'really', 'like', 'it', '.']","['O', 'O', 'O', 'O', 'O', 'O', 'O', 'B-sleeve', 'O', 'O', 'O', 'O', 'O', 'O', 'O']","['O', 'O', 'O', 'O', 'O', 'O', 'O', 'B-negative', 'O', 'O', 'O', 'O', 'O', 'O', 'O']"
"['the', 'only', 'issue', 'i', 'have', 'with', 'it', 'is', 'that', 'it', 'is', 'a', 'little', 'small', 'when', 'the', 'buttons', 'are', 'together', ',', 'but', 'if', 'it', 'is', 'just', 'open', '(', 'how', 'i', 'usually', 'wear', 'cardigans', ')', 'then', 'it', 'looks', 'great', '!']","['O', 'O', 'O', 'O', 'O', 'O', 'O', 'O', 'O', 'O', 'O', 'O', 'O', 'O', 'O', 'O', 'O', 'O', 'O', 'O', 'O', 'O', 'O', 'O', 'O', 'B-overall', 'O', 'O', 'O', 'O', 'O', 'O', 'O', 'O', 'O', 'O', 'O', 'O']","['O', 'O', 'O', 'O', 'O', 'O', 'O', 'O', 'O', 'O', 'O', 'O', 'O', 'O', 'O', 'O', 'O', 'O', 'O', 'O', 'O', 'O', 'O', 'O', 'O', 'B-positive', 'O', 'O', 'O', 'O', 'O', 'O', 'O', 'O', 'O', 'O', 'O', 'O']"
"['the', 'fit', 'was', 'not', 'right', '.']","['O', 'B-overall', 'O', 'O', 'O', 'O']","['O', 'B-negative', 'O', 'O', 'O', 'O']"
"['it', 'ran', 'very', 'small', '.']","['O', 'O', 'O', 'B-overall', 'O']","['O', 'O', 'O', 'B-negative', 'O']"
"['i', 'like', 'my', 'cardigans', 'to', 'be', 'a', 'little', 'larger', '.']","['O', 'O', 'O', 'O', 'O', 'O', 'O', 'O', 'B-overall_indirect', 'O']","['O', 'O', 'O', 'O', 'O', 'O', 'O', 'O', 'B-negative', 'O']"
"['it', 'is', 'a', 'little', 'snug', 'if', 'i', 'button', 'it', '.']","['O', 'O', 'O', 'O', 'O', 'O', 'O', 'B-buttoned', 'O', 'O']","['O', 'O', 'O', 'O', 'O', 'O', 'O', 'B-negative', 'O', 'O']"
"['and', 'not', 'as', 'long', 'as', 'i', 'would', 'have', 'wanted', '.']","['O', 'O', 'O', 'B-length', 'O', 'O', 'O', 'O', 'O', 'O']","['O', 'O', 'O', 'B-negative', 'O', 'O', 'O', 'O', 'O', 'O']"
"['looks', 'great', 'as', 'long', 'as', 'i', 'do', 'not', 'button', 'it']","['O', 'O', 'O', 'O', 'O', 'O', 'O', 'O', 'B-buttoned', 'O']","['O', 'O', 'O', 'O', 'O', 'O', 'O', 'O', 'B-negative', 'O']"
"['seemed', 'to', 'fit', 'more', 'like', 'a', 'medium', 'than', 'other', 'larges', 'i', 'have']","['O', 'O', 'B-overall', 'O', 'O', 'O', 'O', 'O', 'O', 'O', 'O', 'O']","['O', 'O', 'B-negative', 'O', 'O', 'O', 'O', 'O', 'O', 'O', 'O', 'O']"
"['seemed', 'to', 'fit', 'more', 'like', 'a', 'medium', 'than', 'other', 'larges', 'i', 'have']","['O', 'O', 'B-overall', 'O', 'O', 'O', 'O', 'O', 'O', 'O', 'O', 'O']","['O', 'O', 'B-negative', 'O', 'O', 'O', 'O', 'O', 'O', 'O', 'O', 'O']"
"['i', 'am', 'probably', 'an', 'xl', 'or', '1x', ',', 'but', 'the', 'reviews', 'and', 'fit', 'description', 'all', 'said', 'the', 'plus', 'sizes', 'run', 'small', ',', 'so', 'i', 'ordered', 'two', 'sizes', 'up', '.']","['O', 'O', 'O', 'O', 'O', 'O', 'O', 'O', 'O', 'O', 'O', 'O', 'O', 'O', 'O', 'O', 'O', 'O', 'O', 'O', 'B-overall_indirect', 'O', 'O', 'O', 'O', 'O', 'O', 'O', 'O']","['O', 'O', 'O', 'O', 'O', 'O', 'O', 'O', 'O', 'O', 'O', 'O', 'O', 'O', 'O', 'O', 'O', 'O', 'O', 'O', 'B-neutral', 'O', 'O', 'O', 'O', 'O', 'O', 'O', 'O']"
"['sits', 'right', 'at', 'my', 'shoulders', 'and', 'hips', ',', 'buttons', 'easily', '.']","['O', 'O', 'O', 'O', 'B-shoulder', 'O', 'B-hip', 'O', 'B-buttoned', 'O', 'O']","['O', 'O', 'O', 'O', 'B-positive', 'O', 'B-positive', 'O', 'B-positive', 'O', 'O']"
"['large', 'is', 'snug', 'on', 'me', '.']","['B-overall', 'O', 'O', 'O', 'O', 'O']","['O', 'O', 'O', 'O', 'O', 'O']"
"['cute', 'as', 'long', 'as', 'it', 'is', 'not', 'buttoned', '.']","['O', 'O', 'O', 'O', 'O', 'O', 'O', 'B-buttoned', 'O']","['O', 'O', 'O', 'O', 'O', 'O', 'O', 'B-negative', 'O']"
"['sleeves', 'seem', '3/4', 'length', '.']","['O', 'O', 'O', 'O', 'O']","['I-negative', 'O', 'O', 'O', 'O']"
"['it', 'is', 'thinner', 'or', 'lighter', 'than', 'i', 'expected', 'and', 'leans', 'to', 'the', 'smaller', 'side', '.']","['O', 'O', 'O', 'O', 'O', 'O', 'O', 'O', 'O', 'O', 'O', 'O', 'B-overall', 'O', 'O']","['O', 'O', 'O', 'O', 'O', 'O', 'O', 'O', 'O', 'O', 'O', 'O', 'B-negative', 'O', 'O']"
"['cardi', 'runs', 'a', 'little', 'small', 'so', 'i', 'would', 'suggest', 'a', 'bigger', 'size', 'just', 'for', 'comfort', '.']","['O', 'O', 'O', 'O', 'B-overall', 'O', 'O', 'O', 'O', 'O', 'O', 'O', 'O', 'O', 'O', 'O']","['O', 'O', 'O', 'O', 'B-negative', 'O', 'O', 'O', 'O', 'O', 'O', 'O', 'O', 'O', 'O', 'O']"
"['i', 'was', 'surprised', 'at', 'how', 'small', 'it', 'was', 'though', ';', 'not', 'small', 'enough', 'to', 'send', 'back', ',', 'but', 'it', 'is', 'unbuttonable', '.']","['O', 'O', 'O', 'O', 'O', 'B-overall', 'O', 'O', 'O', 'O', 'O', 'O', 'O', 'O', 'O', 'O', 'O', 'O', 'O', 'O', 'B-buttoned', 'O']","['O', 'O', 'O', 'O', 'O', 'B-negative', 'O', 'O', 'O', 'O', 'O', 'O', 'O', 'O', 'O', 'O', 'O', 'O', 'O', 'O', 'B-negative', 'O']"
"['did', 'not', 'notice', 'the', 'plus', 'sizes', 'run', 'small', 'so', 'buttoned', 'up', 'this', 'looks', 'weird', '.']","['O', 'O', 'O', 'O', 'O', 'O', 'O', 'B-overall', 'O', 'B-buttoned', 'O', 'O', 'O', 'O', 'O']","['O', 'O', 'O', 'O', 'O', 'O', 'O', 'B-negative', 'O', 'B-negative', 'O', 'O', 'O', 'O', 'O']"
"['to', 'small', 'for', 'my', 'hips', '.']","['O', 'O', 'O', 'O', 'B-hip', 'O']","['O', 'O', 'O', 'O', 'B-negative', 'O']"
"['did', 'not', 'notice', 'the', 'plus', 'sizes', 'run', 'small', 'so', 'buttoned', 'up', 'this', 'looks', 'weird', '.']","['O', 'O', 'O', 'O', 'O', 'O', 'O', 'B-overall', 'O', 'B-buttoned', 'O', 'O', 'O', 'O', 'O']","['O', 'O', 'O', 'O', 'O', 'O', 'O', 'B-negative', 'O', 'B-negative', 'O', 'O', 'O', 'O', 'O']"
"['to', 'small', 'for', 'my', 'hips', '.']","['O', 'O', 'O', 'O', 'B-hip', 'O']","['O', 'O', 'O', 'O', 'B-negative', 'O']"
"['i', 'do', 'not', 'know', 'if', 'i', 'read', 'this', ',', 'but', 'the', 'sleeves', 'are', 'more', 'like', 'a', '3/4', 'length', '.']","['O', 'O', 'O', 'O', 'O', 'O', 'O', 'O', 'O', 'O', 'O', 'B-sleeve', 'O', 'O', 'O', 'O', 'O', 'O', 'O']","['O', 'O', 'O', 'O', 'O', 'O', 'O', 'O', 'O', 'O', 'O', 'B-neutral', 'O', 'O', 'O', 'O', 'O', 'O', 'O']"
"['i', 'am', 'a', 'size', 'm', 'in', 'most', 'things', ',', 'but', 'ordered', 'a', 'l.', 'it', 'fit', 'in', 'the', 'shoulders', 'and', 'arms', ',', 'but', 'it', 'is', 'a', 'bit', 'loose', 'in', 'the', 'torso', ',', 'which', 'is', 'ok', 'with', 'me', '.']","['O', 'O', 'O', 'O', 'O', 'O', 'O', 'O', 'O', 'O', 'O', 'O', 'O', 'O', 'O', 'O', 'O', 'B-shoulder', 'O', 'B-sleeve', 'O', 'O', 'O', 'O', 'O', 'O', 'O', 'O', 'O', 'B-chest', 'O', 'O', 'O', 'O', 'O', 'O', 'O']","['O', 'O', 'O', 'O', 'O', 'O', 'O', 'O', 'O', 'O', 'O', 'O', 'O', 'O', 'O', 'O', 'O', 'B-positive', 'O', 'B-positive', 'O', 'O', 'O', 'O', 'O', 'O', 'O', 'O', 'O', 'B-negative', 'O', 'O', 'O', 'O', 'O', 'O', 'O']"
"['i', 'am', 'usually', 'an', '8', ',', 'or', 'a', 'medium', 'but', 'after', 'reading', 'the', 'reviews', 'i', 'decided', 'to', 'size', 'up', 'to', 'a', 'l.', 'i', 'therefore', 'have', 'a', 'cardi', 'that', 'fits', 'nicely', ',', 'has', 'a', 'little', 'positive', 'ease', 'and', 'is', 'not', 'skin', 'tight', 'or', 'pulling', 'at', 'the', 'buttons', '.']","['O', 'O', 'O', 'O', 'O', 'O', 'O', 'O', 'O', 'O', 'O', 'O', 'O', 'O', 'O', 'O', 'O', 'O', 'O', 'O', 'O', 'O', 'O', 'O', 'O', 'O', 'O', 'O', 'B-overall', 'O', 'O', 'O', 'O', 'O', 'O', 'O', 'O', 'O', 'O', 'O', 'O', 'O', 'O', 'O', 'O', 'B-buttoned', 'O']","['O', 'O', 'O', 'O', 'O', 'O', 'O', 'O', 'O', 'O', 'O', 'O', 'O', 'O', 'O', 'O', 'O', 'O', 'O', 'O', 'O', 'O', 'O', 'O', 'O', 'O', 'O', 'O', 'B-positive', 'O', 'O', 'O', 'O', 'O', 'O', 'O', 'O', 'O', 'O', 'O', 'O', 'O', 'O', 'O', 'O', 'B-positive', 'O']"
"['the', 'only', 'thing', 'is', 'it', 'is', 'a', 'little', 'tight', 'in', 'the', 'upper', 'arms', '.']","['O', 'O', 'O', 'O', 'O', 'O', 'O', 'O', 'O', 'O', 'O', 'O', 'B-sleeve', 'O']","['O', 'O', 'O', 'O', 'O', 'O', 'O', 'O', 'O', 'O', 'O', 'O', 'B-negative', 'O']"
"['it', 'does', 'run', 'a', 'bit', 'small', 'and', 'i', 'can', 'not', 'really', 'button', 'it', 'up', 'over', 'my', 'larger', 'chest', ',', 'but', 'i', 'wear', 'it', 'open', 'or', 'belt', 'it', '.']","['O', 'O', 'O', 'O', 'O', 'B-overall', 'O', 'O', 'O', 'O', 'O', 'O', 'O', 'O', 'O', 'O', 'O', 'B-chest', 'O', 'O', 'O', 'O', 'O', 'O', 'O', 'O', 'O', 'O']","['O', 'O', 'O', 'O', 'O', 'B-negative', 'O', 'O', 'O', 'O', 'O', 'O', 'O', 'O', 'O', 'O', 'O', 'B-negative', 'O', 'O', 'O', 'O', 'O', 'O', 'O', 'O', 'O', 'O']"
"['i', 'will', 'say', 'that', 'the', 'sleeves', 'are', '3/4', 'length', ',', 'not', 'the', 'full', 'length', 'i', 'thought', 'i', 'noticed', 'in', 'the', 'primary', 'image', '.']","['O', 'O', 'O', 'O', 'O', 'B-sleeve', 'O', 'O', 'O', 'O', 'O', 'O', 'O', 'O', 'O', 'O', 'O', 'O', 'O', 'O', 'O', 'O', 'O']","['O', 'O', 'O', 'O', 'O', 'B-neutral', 'O', 'O', 'O', 'O', 'O', 'O', 'O', 'O', 'O', 'O', 'O', 'O', 'O', 'O', 'O', 'O', 'O']"
"['it', 'runs', 'a', 'little', 'small', '(', 'i', 'got', 'a', 'large', 'and', 'it', 'does', 'not', 'button', 'all', 'the', 'way', 'without', 'pulling', ')', '.']","['O', 'O', 'O', 'O', 'B-overall', 'O', 'O', 'O', 'O', 'O', 'O', 'O', 'O', 'O', 'B-buttoned', 'O', 'O', 'O', 'O', 'O', 'O', 'O']","['O', 'O', 'O', 'O', 'B-negative', 'O', 'O', 'O', 'O', 'O', 'O', 'O', 'O', 'O', 'B-negative', 'O', 'O', 'O', 'O', 'O', 'O', 'O']"
"['the', 'length', 'was', 'also', 'too', 'short', 'for', 'me', '.']","['O', 'B-length', 'O', 'O', 'O', 'O', 'O', 'O', 'O']","['O', 'O', 'O', 'O', 'O', 'O', 'O', 'O', 'O']"
"['i', 'always', 'wear', 'a', 'small', 'but', 'there', 'was', 'no', 'way', 'i', 'could', 'button', 'this', 'one', 'without', 'looking', 'ridiculous', ',', 'so', 'i', 'just', 'wore', 'it', 'open', '.']","['O', 'O', 'O', 'O', 'O', 'O', 'O', 'O', 'O', 'O', 'O', 'O', 'B-buttoned', 'O', 'O', 'O', 'O', 'O', 'O', 'O', 'O', 'O', 'O', 'O', 'O', 'O']","['O', 'O', 'O', 'O', 'O', 'O', 'O', 'O', 'O', 'O', 'O', 'O', 'B-negative', 'O', 'O', 'O', 'O', 'O', 'O', 'O', 'O', 'O', 'O', 'O', 'O', 'O']"
"['i', 'wad', 'expecting', 'it', 'to', 'be', 'longer', ',', 'but', 'it', 'is', 'not', 'short', 'or', 'anything', '.']","['O', 'O', 'O', 'O', 'O', 'O', 'B-length', 'O', 'O', 'O', 'O', 'O', 'O', 'O', 'O', 'O']","['O', 'O', 'O', 'O', 'O', 'O', 'B-neutral', 'O', 'O', 'O', 'O', 'O', 'O', 'O', 'O', 'O']"
"['super', 'thin', 'material', 'and', 'incredibly', 'tight', 'in', 'the', 'arms']","['O', 'O', 'O', 'O', 'O', 'O', 'O', 'O', 'B-sleeve']","['O', 'O', 'O', 'O', 'O', 'O', 'O', 'O', 'B-negative']"
"['very', 'fitted', 'designalmost', 'feels', 'like', 'a', 'petite', '.']","['O', 'B-overall', 'O', 'O', 'O', 'O', 'O', 'O']","['O', 'B-negative', 'O', 'O', 'O', 'O', 'O', 'O']"
"['just', 'ordered', 'the', 'large', 'in', 'hope', 'of', 'a', 'better', 'fit', '.']","['O', 'O', 'O', 'O', 'O', 'O', 'O', 'O', 'O', 'B-overall_indirect', 'O']","['O', 'O', 'O', 'O', 'O', 'O', 'O', 'O', 'O', 'O', 'B-negative']"
"['definitely', 'size', 'up', ',', 'unless', 'you', 'want', 'a', 'super', 'snug', 'fit', '.']","['O', 'O', 'O', 'O', 'O', 'O', 'O', 'O', 'O', 'O', 'B-overall', 'O']","['O', 'O', 'O', 'O', 'O', 'O', 'O', 'O', 'O', 'O', 'B-negative', 'O']"
"['i', 'never', 'button', 'up', 'my', 'cardigan', ',', 'but', 'if', 'you', 'do', ',', 'you', 'may', 'want', 'to', 'size', 'up', 'a', 'couple', 'of', 'sizes', 'if', 'you', 'have', 'a', 'big', 'bust', '.']","['O', 'O', 'O', 'O', 'O', 'O', 'O', 'O', 'O', 'O', 'O', 'O', 'O', 'O', 'O', 'O', 'O', 'O', 'O', 'O', 'O', 'O', 'O', 'O', 'O', 'O', 'O', 'B-chest', 'O']","['O', 'O', 'O', 'O', 'O', 'O', 'O', 'O', 'O', 'O', 'O', 'O', 'O', 'O', 'O', 'O', 'O', 'O', 'O', 'O', 'O', 'O', 'O', 'O', 'O', 'O', 'O', 'B-negative', 'O']"
"['definitely', 'runs', 'small', ',', 'so', 'if', 'your', 'a', 'big', 'girl', 'go', 'a', 'size', 'up', '.']","['O', 'O', 'B-overall', 'O', 'O', 'O', 'O', 'O', 'O', 'O', 'O', 'O', 'O', 'O', 'O']","['O', 'O', 'B-negative', 'O', 'O', 'O', 'O', 'O', 'O', 'O', 'O', 'O', 'O', 'O', 'O']"
"['it', 'runs', 'very', 'small', '.']","['O', 'O', 'O', 'B-overall', 'O']","['O', 'O', 'O', 'B-negative', 'O']"
"['i', 'tend', 'to', 'where', 'a', '2x', 'in', 'tops', ';', '3x', 'if', 'it', 'runs', 'small', ',', 'but', 'this', 'does', 'not', 'even', 'come', 'close', 'to', 'buttoning', '.']","['O', 'O', 'O', 'O', 'O', 'O', 'O', 'O', 'O', 'O', 'O', 'O', 'O', 'O', 'O', 'O', 'O', 'O', 'O', 'O', 'O', 'O', 'O', 'B-buttoned', 'O']","['O', 'O', 'O', 'O', 'O', 'O', 'O', 'O', 'O', 'O', 'O', 'O', 'O', 'O', 'O', 'O', 'O', 'O', 'O', 'O', 'O', 'O', 'O', 'B-negative', 'O']"
"['it', 'is', 'well', 'made', 'and', 'i', 'love', 'the', 'color', ',', 'but', 'it', 'is', 'also', 'a', 'bit', 'too', 'short', 'for', 'my', 'taste', '.']","['O', 'O', 'O', 'O', 'O', 'O', 'O', 'O', 'O', 'O', 'O', 'O', 'O', 'O', 'O', 'O', 'O', 'B-length', 'O', 'O', 'O', 'O']","['O', 'O', 'O', 'O', 'O', 'O', 'O', 'O', 'O', 'O', 'O', 'O', 'O', 'O', 'O', 'O', 'O', 'B-negative', 'O', 'O', 'O', 'O']"
"['it', 'fits', 'perfect', '.']","['O', 'B-overall', 'O', 'O']","['O', 'O', 'O', 'O']"
"['i', 'can', 'wear', 'it', 'buttoned', 'up', 'or', 'left', 'open', 'a', 'sit', 'still', 'feels', 'fitted', '.']","['O', 'O', 'O', 'O', 'O', 'O', 'O', 'O', 'B-overall', 'O', 'O', 'O', 'O', 'O', 'O']","['O', 'O', 'O', 'O', 'O', 'O', 'O', 'O', 'B-positive', 'O', 'O', 'O', 'O', 'O', 'O']"
"['little', 'on', 'the', 'small', 'side', 'but', 'a', 'nice', 'basic', 'cute', 'cardigan', '.']","['O', 'O', 'O', 'B-overall', 'O', 'O', 'O', 'O', 'O', 'O', 'O', 'O']","['O', 'O', 'O', 'B-negative', 'O', 'O', 'O', 'O', 'O', 'O', 'O', 'O']"
"['i', 'know', 'the', 'description', 'said', 'it', 'runs', 'small', 'so', 'i', 'ordered', 'the', 'next', 'size', 'up', ',', 'but', 'it', 'is', 'still', 'small', '.']","['O', 'O', 'O', 'O', 'O', 'O', 'O', 'B-overall_indirect', 'O', 'O', 'O', 'O', 'O', 'O', 'O', 'O', 'O', 'O', 'O', 'O', 'B-overall', 'O']","['O', 'O', 'O', 'O', 'O', 'O', 'O', 'B-negative', 'O', 'O', 'O', 'O', 'O', 'O', 'O', 'O', 'O', 'O', 'O', 'O', 'B-negative', 'O']"
"['this', 'fits', 'very', 'small', '!']","['O', 'O', 'O', 'B-overall', 'O']","['O', 'O', 'O', 'B-negative', 'O']"
"['i', 'am', '135', 'pounds', 'but', 'like', 'my', 'cardigans', 'to', 'fit', 'just', 'right', ',', 'not', 'be', 'too', 'tight', '!']","['O', 'O', 'O', 'O', 'O', 'O', 'O', 'O', 'O', 'B-overall_indirect', 'O', 'O', 'O', 'O', 'O', 'O', 'B-overall', 'O']","['O', 'O', 'O', 'O', 'O', 'O', 'O', 'O', 'O', 'B-negative', 'O', 'O', 'O', 'O', 'O', 'O', 'B-negative', 'O']"
"['fits', 'rather', 'small', '.']","['O', 'O', 'B-overall', 'O']","['O', 'O', 'B-negative', 'O']"
"['only', 'complaint', 'is', 'it', 'runs', 'a', 'little', 'small']","['O', 'O', 'O', 'O', 'O', 'O', 'O', 'B-overall']","['O', 'O', 'O', 'O', 'O', 'O', 'O', 'B-negative']"
"['i', 'would', 'recommend', 'to', 'order', 'a', 'size', 'up', 'if', 'you', 'plan', 'to', 'wear', 'it', 'buttoned', 'at', 'any', 'point', '.']","['O', 'O', 'O', 'O', 'O', 'O', 'O', 'O', 'O', 'O', 'O', 'O', 'O', 'O', 'B-buttoned', 'O', 'O', 'O', 'O']","['O', 'O', 'O', 'O', 'O', 'O', 'O', 'O', 'O', 'O', 'O', 'O', 'O', 'O', 'B-negative', 'O', 'O', 'O', 'O']"
"['do', 'not', 'worry', 'about', 'it', 'being', 'baggy', 'or', 'loose', '?', 'it', 'looks', 'and', 'fits', 'just', 'right', '.']","['O', 'O', 'O', 'O', 'O', 'O', 'O', 'O', 'O', 'O', 'O', 'O', 'O', 'B-overall', 'O', 'O', 'O']","['O', 'O', 'O', 'O', 'O', 'O', 'O', 'O', 'O', 'O', 'O', 'O', 'O', 'B-positive', 'O', 'O', 'O']"
"['i', 'think', 'i', 'was', 'surprised', 'by', 'it', 'having', '3/4', 'sleeve', '?', 'keep', 'that', 'in', 'mind', ',', 'as', 'well', '.']","['O', 'O', 'O', 'O', 'O', 'O', 'O', 'O', 'O', 'B-sleeve', 'O', 'O', 'O', 'O', 'O', 'O', 'O', 'O', 'O']","['O', 'O', 'O', 'O', 'O', 'O', 'O', 'O', 'O', 'B-neutral', 'O', 'O', 'O', 'O', 'O', 'O', 'O', 'O', 'O']"
"['i', 'am', 'glad', 'i', 'read', 'the', 'reviews', 'that', 'this', 'runs', 'a', 'bit', 'small', ',', 'so', 'i', 'bought', 'a', 'size', 'up', 'from', 'what', 'i', 'would', 'normally', 'choose', 'and', 'it', 'is', 'perfect', '.']","['O', 'O', 'O', 'O', 'O', 'O', 'O', 'O', 'O', 'O', 'O', 'O', 'B-overall_indirect', 'O', 'O', 'O', 'O', 'O', 'O', 'O', 'O', 'O', 'O', 'O', 'O', 'O', 'O', 'O', 'O', 'O', 'O']","['O', 'O', 'O', 'O', 'O', 'O', 'O', 'O', 'O', 'O', 'O', 'O', 'B-negative', 'O', 'O', 'O', 'O', 'O', 'O', 'O', 'O', 'O', 'O', 'O', 'O', 'O', 'O', 'O', 'O', 'O', 'O']"
"['still', 'a', 'close', 'fit', 'with', 'negative', 'ease', ',', 'but', 'i', 'wanted', 'this', 'to', 'layer', 'over', 'dresses', 'and', 'tank', 'tops', 'and', 'it', 'is', 'perfect', 'for', 'that', '.']","['O', 'O', 'O', 'B-overall', 'O', 'O', 'O', 'O', 'O', 'O', 'O', 'O', 'O', 'O', 'O', 'O', 'O', 'O', 'O', 'O', 'O', 'O', 'O', 'O', 'O', 'O']","['O', 'O', 'O', 'B-negative', 'O', 'O', 'O', 'O', 'O', 'O', 'O', 'O', 'O', 'O', 'O', 'O', 'O', 'O', 'O', 'O', 'O', 'O', 'O', 'O', 'O', 'O']"
"['it', 'is', 'a', 'but', 'small', 'and', 'it', 'gets', 'fuzzy', 'after', 'a', 'few', 'washes', 'but', 'it', 'goes', 'with', 'everything', '!']","['O', 'O', 'O', 'O', 'B-overall', 'O', 'O', 'O', 'O', 'O', 'O', 'O', 'O', 'O', 'O', 'O', 'O', 'O', 'O']","['O', 'O', 'O', 'O', 'B-negative', 'O', 'O', 'O', 'O', 'O', 'O', 'O', 'O', 'O', 'O', 'O', 'O', 'O', 'O']"
"['the', 'small', 'is', 'quite', 'short', 'and', 'i', 'prefer', 'cardigans', 'slightly', 'longer', '.']","['O', 'O', 'O', 'O', 'B-length', 'O', 'O', 'O', 'O', 'O', 'B-length_indirect', 'O']","['O', 'O', 'O', 'O', 'B-negative', 'O', 'O', 'O', 'O', 'O', 'B-negative', 'O']"
"['also', ',', 'it', 'puckers', 'when', 'buttoned', '.']","['O', 'O', 'O', 'O', 'O', 'B-buttoned', 'O']","['O', 'O', 'O', 'O', 'O', 'B-negative', 'O']"
"['i', 'thought', 'it', 'was', 'a', 'little', 'small', 'i', 'should', 'of', 'gotten', 'a', '3x', '.']","['O', 'O', 'O', 'O', 'O', 'O', 'B-overall', 'O', 'O', 'O', 'O', 'O', 'O', 'O']","['O', 'O', 'O', 'O', 'O', 'O', 'B-negative', 'O', 'O', 'O', 'O', 'O', 'O', 'O']"
"['i', 'am', 'a', 'small', 'or', 'extra', 'small', 'in', 'most', 'things', 'and', 'this', 'fits', 'like', 'a', 'small', '.']","['O', 'O', 'O', 'O', 'O', 'O', 'O', 'O', 'O', 'O', 'O', 'O', 'B-overall', 'O', 'O', 'O', 'O']","['O', 'O', 'O', 'O', 'O', 'O', 'O', 'O', 'O', 'O', 'O', 'O', 'B-negative', 'O', 'O', 'O', 'O']"
"['a', 'bit', 'on', 'the', 'small', 'side', 'and', 'it', 'does', 'pill', 'pretty', 'easily', '.']","['O', 'O', 'O', 'O', 'B-overall', 'O', 'O', 'O', 'O', 'O', 'O', 'O', 'O']","['O', 'O', 'O', 'O', 'B-negative', 'O', 'O', 'O', 'O', 'O', 'O', 'O', 'O']"
"['the', 'fit', 'is', 'odd', ';', 'i', 'expected', 'this', 'to', 'be', 'baggy', 'on', 'me', 'but', 'it', 'fits', 'tight', '.']","['O', 'B-overall', 'O', 'O', 'O', 'O', 'O', 'O', 'O', 'O', 'O', 'O', 'O', 'O', 'O', 'B-overall', 'O', 'O']","['O', 'O', 'O', 'O', 'O', 'O', 'O', 'O', 'O', 'O', 'O', 'O', 'O', 'O', 'O', 'B-negative', 'O', 'O']"
"['i', 'have', 'sized', 'up', 'from', 'a', '2x', 'to', 'a', '3x', 'on', 'my', 'cardigans', ',', 'and', 'they', 'fit', 'great', '!']","['O', 'O', 'O', 'O', 'O', 'O', 'O', 'O', 'O', 'O', 'O', 'O', 'O', 'O', 'O', 'O', 'B-overall', 'O', 'O']","['O', 'O', 'O', 'O', 'O', 'O', 'O', 'O', 'O', 'O', 'O', 'O', 'O', 'O', 'O', 'O', 'B-positive', 'O', 'O']"
"['runs', 'small', 'so', 'i', 'would', 'want', 'to', 'size', 'up', '.']","['O', 'B-overall_indirect', 'O', 'O', 'O', 'O', 'O', 'O', 'O', 'O']","['O', 'B-negative', 'O', 'O', 'O', 'O', 'O', 'O', 'O', 'O']"
"['i', 'would', 'normally', 'get', 'm', 'but', 'went', 'for', 'the', 'l', 'and', 'it', 'fits', 'well']","['O', 'O', 'O', 'O', 'O', 'O', 'O', 'O', 'O', 'O', 'O', 'O', 'B-overall', 'O']","['O', 'O', 'O', 'O', 'O', 'O', 'O', 'O', 'O', 'O', 'O', 'O', 'B-positive', 'O']"
"['love', 'this', 'color', ',', 'a', 'little', 'tight', 'in', 'my', 'arms', ',', 'but', 'material', 'stretches']","['O', 'O', 'O', 'O', 'O', 'O', 'O', 'O', 'O', 'B-sleeve', 'O', 'O', 'O', 'O']","['O', 'O', 'O', 'O', 'O', 'O', 'O', 'O', 'O', 'B-negative', 'O', 'O', 'O', 'O']"
"['this', 'was', 'actually', 'pretty', 'tight', 'on', 'me', '.']","['O', 'O', 'O', 'O', 'B-overall', 'O', 'O', 'O']","['O', 'O', 'O', 'O', 'B-negative', 'O', 'O', 'O']"
"['the', 'color', 'is', 'stunning', ',', 'but', 'the', 'fit', 'just', 'does', 'not', 'work', 'on', 'me', '.']","['O', 'O', 'O', 'O', 'O', 'O', 'O', 'B-overall', 'O', 'O', 'O', 'O', 'O', 'O', 'O']","['O', 'O', 'O', 'O', 'O', 'O', 'O', 'B-negative', 'O', 'O', 'O', 'O', 'O', 'O', 'O']"
"['i', 'was', 'expecting', 'it', 'to', 'fit', 'snuggly', 'based', 'off', 'the', 'reviews', 'i', 'read', ',', 'and', 'that', 'is', 'what', 'i', 'wanted', 'so', 'it', 'worked', 'out', 'perfectly', '!']","['O', 'O', 'O', 'O', 'O', 'B-overall', 'O', 'O', 'O', 'O', 'O', 'O', 'O', 'O', 'O', 'O', 'O', 'O', 'O', 'O', 'O', 'O', 'O', 'O', 'O', 'O']","['O', 'O', 'O', 'O', 'O', 'B-positive', 'O', 'O', 'O', 'O', 'O', 'O', 'O', 'O', 'O', 'O', 'O', 'O', 'O', 'O', 'O', 'O', 'O', 'O', 'O', 'O']"
"['this', 'cardigan', 'runs', 'extremely', 'small', 'in', 'plus', 'size', 'i', 'am', 'usually', 'an', 'xl/1x', 'and', 'ordered', 'a', '2x', 'based', 'on', 'other', 'reviews', '.']","['O', 'O', 'O', 'O', 'B-overall_indirect', 'O', 'O', 'O', 'O', 'O', 'O', 'O', 'O', 'O', 'O', 'O', 'O', 'O', 'O', 'O', 'O', 'O']","['O', 'O', 'O', 'O', 'B-negative', 'O', 'O', 'O', 'O', 'O', 'O', 'O', 'O', 'O', 'O', 'O', 'O', 'O', 'O', 'O', 'O', 'O']"
"['it', 'was', 'still', 'small', 'so', 'i', 'exchanged', 'for', 'a', '3x', 'and', 'it', 'still', 'pulls', 'at', 'the', 'buttons', '.']","['O', 'O', 'O', 'B-overall', 'O', 'O', 'O', 'O', 'O', 'O', 'O', 'O', 'O', 'O', 'O', 'O', 'B-buttoned', 'O']","['O', 'O', 'O', 'B-negative', 'O', 'O', 'O', 'O', 'O', 'O', 'O', 'O', 'O', 'O', 'O', 'O', 'B-negative', 'O']"
"['they', 'do', 'run', 'small', '.']","['O', 'O', 'O', 'B-overall_indirect', 'O']","['O', 'O', 'O', 'B-negative', 'O']"
"['i', 'ordered', 'the', 'small', 'according', 'to', 'the', 'sizing', 'chart', ',', 'but', 'it', 'was', 'a', 'little', 'tight', 'for', 'my', 'liking', '.']","['O', 'O', 'O', 'O', 'O', 'O', 'O', 'O', 'O', 'O', 'O', 'O', 'O', 'O', 'O', 'B-overall', 'O', 'O', 'O', 'O']","['O', 'O', 'O', 'O', 'O', 'O', 'O', 'O', 'O', 'O', 'O', 'O', 'O', 'O', 'O', 'B-negative', 'O', 'O', 'O', 'O']"
"['i', 'think', 'this', 'runs', 'a', 'bit', 'small', '.']","['O', 'O', 'O', 'O', 'O', 'O', 'B-overall_indirect', 'O']","['O', 'O', 'O', 'O', 'O', 'O', 'B-negative', 'O']"
"['i', 'am', 'normally', 'a', 'modcloth', 'small', 'in', 'shirts', 'and', 'dresses', ',', 'despite', 'my', 'bust', ',', 'but', 'the', 'medium', 'fits', 'perfectly', '.']","['O', 'O', 'O', 'O', 'O', 'O', 'O', 'O', 'O', 'O', 'O', 'O', 'O', 'B-chest', 'O', 'O', 'O', 'O', 'B-overall', 'O', 'O']","['O', 'O', 'O', 'O', 'O', 'O', 'O', 'O', 'O', 'O', 'O', 'O', 'O', 'B-positive', 'O', 'O', 'O', 'O', 'B-positive', 'O', 'O']"
"['love', 'the', 'color', ',', 'and', 'the', 'fit', 'is', 'pretty', 'good']","['O', 'O', 'O', 'O', 'O', 'O', 'B-overall', 'O', 'O', 'O']","['O', 'O', 'O', 'O', 'O', 'O', 'B-positive', 'O', 'O', 'O']"
"['a', 'bit', 'small', 'fitting', 'but', 'doable']","['O', 'O', 'O', 'B-overall', 'O', 'O']","['O', 'O', 'O', 'B-negative', 'O', 'O']"
"['odd', 'fit', '(', 'huge', 'room', 'in', 'chest', 'department', ',', 'odd', 'given', 'my', '10es', 'i', 'think', 'that', 'is', 'a', '3940', 'chest', 'in', 'us', 'terms', '?']","['O', 'B-overall', 'O', 'O', 'O', 'O', 'B-chest', 'O', 'O', 'O', 'O', 'O', 'O', 'O', 'O', 'O', 'O', 'O', 'O', 'O', 'O', 'O', 'O', 'O']","['O', 'B-negative', 'O', 'O', 'O', 'O', 'B-negative', 'O', 'O', 'O', 'O', 'O', 'O', 'O', 'O', 'O', 'O', 'O', 'O', 'O', 'O', 'O', 'O', 'O']"
"['but', 'the', 'first', 'cardigan', 'i', 'have', 'ever', 'found', 'that', 'sits', 'nicely', 'in', 'the', 'waist', 'hip', 'area', '(', 'waist', '32', ',', 'hips', 'around', '36', 'where', 'cardigan', 'ends', ')', '.']","['O', 'O', 'O', 'O', 'O', 'O', 'O', 'O', 'O', 'O', 'O', 'O', 'O', 'B-waist', 'B-hip', 'O', 'O', 'O', 'O', 'O', 'O', 'O', 'O', 'O', 'O', 'O', 'O', 'O']","['O', 'O', 'O', 'O', 'O', 'O', 'O', 'O', 'O', 'O', 'O', 'O', 'O', 'B-positive', 'B-positive', 'O', 'O', 'O', 'O', 'O', 'O', 'O', 'O', 'O', 'O', 'O', 'O', 'O']"
"['gorgeous', 'colour', ',', 'goes', 'well', 'under', 'winter', 'coats', '.']","['O', 'O', 'O', 'O', 'O', 'O', 'O', 'O', 'O']","['I-negative', 'O', 'O', 'O', 'O', 'O', 'O', 'O', 'O']"
"['the', 'medium', 'was', 'a', 'bit', 'small', 'and', 'the', 'buttons', 'look', 'odd', 'if', 'i', 'button', 'it', 'up', '.']","['O', 'O', 'O', 'O', 'O', 'B-overall', 'O', 'O', 'O', 'O', 'O', 'O', 'O', 'O', 'O', 'O', 'O']","['O', 'O', 'O', 'O', 'O', 'B-negative', 'O', 'O', 'O', 'O', 'O', 'O', 'O', 'O', 'O', 'O', 'O']"
"['it', 'is', 'a', 'little', 'short', ',', 'and', 'mine', 'shrunk', ',', 'even', 'with', 'a', 'hand', 'wash.', 'the', 'fabric', 'is', 'still', 'really', 'soft', 'though', ',', 'even', 'though', 'i', 'wear', 'it', 'all', 'the', 'time', 'and', 'it', 'gets', 'washed', 'a', 'lot', '.']","['O', 'O', 'O', 'O', 'B-sleeve', 'O', 'O', 'O', 'O', 'O', 'O', 'O', 'O', 'O', 'O', 'O', 'O', 'O', 'O', 'O', 'O', 'O', 'O', 'O', 'O', 'O', 'O', 'O', 'O', 'O', 'O', 'O', 'O', 'O', 'O', 'O', 'O', 'O']","['O', 'O', 'O', 'O', 'B-negative', 'O', 'O', 'O', 'O', 'O', 'O', 'O', 'O', 'O', 'O', 'O', 'O', 'O', 'O', 'O', 'O', 'O', 'O', 'O', 'O', 'O', 'O', 'O', 'O', 'O', 'O', 'O', 'O', 'O', 'O', 'O', 'O', 'O']"
"['i', 'love', 'the', 'fit', 'and', 'feel', 'of', 'this', 'cardigan', '.']","['O', 'O', 'O', 'B-overall', 'O', 'O', 'O', 'O', 'O', 'O']","['O', 'O', 'O', 'B-positive', 'O', 'O', 'O', 'O', 'O', 'O']"
"['i', 'am', 'tall', 'and', 'it', 'is', 'short', 'waisted', '.']","['O', 'O', 'O', 'O', 'O', 'O', 'B-length', 'O', 'O']","['O', 'O', 'O', 'O', 'O', 'O', 'B-negative', 'O', 'O']"
"['i', 'feel', 'that', 'it', 'is', 'a', 'little', 'short', 'and', 'on', 'the', 'smaller', 'side', '.']","['O', 'O', 'O', 'O', 'O', 'O', 'O', 'B-length', 'O', 'O', 'O', 'B-overall', 'O', 'O']","['O', 'O', 'O', 'O', 'O', 'O', 'O', 'B-negative', 'O', 'O', 'O', 'B-negative', 'O', 'O']"
"['although', 'the', 'length', 'is', 'perfect', ',', 'the', 'fit', 'is', 'definitely', 'on', 'the', 'smaller', 'side', ',', 'which', 'is', 'why', 'i', 'opted', 'for', 'a', 'medium', '.']","['O', 'O', 'B-length', 'O', 'O', 'O', 'O', 'B-overall', 'O', 'O', 'O', 'O', 'O', 'O', 'O', 'O', 'O', 'O', 'O', 'O', 'O', 'O', 'O', 'O']","['O', 'O', 'B-positive', 'O', 'O', 'O', 'O', 'B-negative', 'O', 'O', 'O', 'O', 'O', 'O', 'O', 'O', 'O', 'O', 'O', 'O', 'O', 'O', 'O', 'O']"
"['i', 'think', 'a', 'small', 'would', 'have', 'been', 'tight', ',', 'but', 'then', 'i', 'never', 'wear', 'it', 'closed', 'anyway', 'so', 'it', 'would', 'probably', 'be', 'fine', 'to', 'go', 'either', 'way', '.']","['O', 'O', 'O', 'O', 'O', 'O', 'O', 'B-overall', 'O', 'O', 'O', 'O', 'O', 'O', 'O', 'O', 'O', 'O', 'O', 'O', 'O', 'O', 'O', 'O', 'O', 'O', 'O', 'O']","['O', 'O', 'O', 'O', 'O', 'O', 'O', 'B-negative', 'O', 'O', 'O', 'O', 'O', 'O', 'O', 'O', 'O', 'O', 'O', 'O', 'O', 'O', 'O', 'O', 'O', 'O', 'O', 'O']"
"['i', 'sized', 'down', 'but', 'it', 'is', 'a', 'little', 'too', 'small', 'for', 'me', '.']","['O', 'O', 'O', 'O', 'O', 'O', 'O', 'O', 'O', 'B-overall', 'O', 'O', 'O']","['O', 'O', 'O', 'O', 'O', 'O', 'O', 'O', 'O', 'B-negative', 'O', 'O', 'O']"
"['it', 'was', 'still', 'too', 'small', 'across', 'the', 'chest', 'and', 'the', 'litle', 'band', 'in', 'front', 'was', 'a', 'zig', 'zag', 'when', 'buttoned', '.']","['O', 'O', 'O', 'O', 'O', 'O', 'O', 'B-chest', 'O', 'O', 'O', 'O', 'O', 'O', 'O', 'O', 'O', 'O', 'O', 'B-buttoned', 'O']","['O', 'O', 'O', 'O', 'O', 'O', 'O', 'B-negative', 'O', 'O', 'O', 'O', 'O', 'O', 'O', 'O', 'O', 'O', 'O', 'B-negative', 'O']"
"['my', 'only', 'complaint', 'is', 'that', 'the', 'large', 'was', 'not', 'big', 'enough', 'to', 'button', 'over', 'my', 'chest', ',', 'but', 'that', 'is', 'nothing', 'new', '.']","['O', 'O', 'O', 'O', 'O', 'O', 'O', 'O', 'O', 'O', 'O', 'O', 'B-buttoned', 'O', 'O', 'B-chest', 'O', 'O', 'O', 'O', 'O', 'O', 'O']","['O', 'O', 'O', 'O', 'O', 'O', 'O', 'O', 'O', 'O', 'O', 'O', 'B-negative', 'O', 'O', 'B-negative', 'O', 'O', 'O', 'O', 'O', 'O', 'O']"
"['it', 'is', 'very', 'big', 'and', 'roomy', '.']","['O', 'O', 'O', 'B-overall', 'O', 'O', 'O']","['O', 'O', 'O', 'B-negative', 'O', 'O', 'O']"
"['i', 'wanted', 'something', 'a', 'little', 'more', 'form', 'fitting', 'but', 'i', 'kept', 'it', '.']","['O', 'O', 'O', 'O', 'O', 'O', 'O', 'B-overall_indirect', 'O', 'O', 'O', 'O', 'O']","['O', 'O', 'O', 'O', 'O', 'O', 'O', 'B-negative', 'O', 'O', 'O', 'O', 'O']"
"['beautiful', 'color', ',', 'nice', 'fit', 'but', 'i', 'was', 'really', 'disappointed', 'with', 'how', 'quickly', 'it', 'wore', 'out', '.']","['O', 'O', 'O', 'O', 'B-overall', 'O', 'O', 'O', 'O', 'O', 'O', 'O', 'O', 'O', 'O', 'O', 'O']","['O', 'O', 'O', 'O', 'B-positive', 'O', 'O', 'O', 'O', 'O', 'O', 'O', 'O', 'O', 'O', 'O', 'O']"
"['it', 'is', 'a', 'little', 'larger', 'and', 'a', 'little', 'longer', 'than', 'i', 'had', 'expected', '.']","['O', 'O', 'O', 'O', 'B-overall', 'O', 'O', 'O', 'B-length', 'O', 'O', 'O', 'O', 'O']","['O', 'O', 'O', 'O', 'B-negative', 'O', 'O', 'O', 'B-negative', 'O', 'O', 'O', 'O', 'O']"
"['it', 'is', 'a', 'little', 'big', 'on', 'me', 'and', 'the', 'cardigan', 'started', 'to', 'pill', 'after', 'a', 'few', 'washes', ',', 'but', 'it', 'is', 'over', 'a', 'year', 'later', 'and', 'i', 'still', 'love', 'it', '!']","['O', 'O', 'O', 'O', 'B-overall', 'O', 'O', 'O', 'O', 'O', 'O', 'O', 'O', 'O', 'O', 'O', 'O', 'O', 'O', 'O', 'O', 'O', 'O', 'O', 'O', 'O', 'O', 'O', 'O', 'O', 'O']","['O', 'O', 'O', 'O', 'B-negative', 'O', 'O', 'O', 'O', 'O', 'O', 'O', 'O', 'O', 'O', 'O', 'O', 'O', 'O', 'O', 'O', 'O', 'O', 'O', 'O', 'O', 'O', 'O', 'O', 'O', 'O']"
"['according', 'to', 'modcloth', ""'s"", 'size', 'chart', 'i', 'ordered', 'a', 'medium', ',', 'but', 'i', 'think', 'it', 'looks', 'slightly', 'too', 'baggy', 'for', 'the', 'style', 'cardigan', 'that', 'it', 'is', '.']","['O', 'O', 'O', 'O', 'O', 'O', 'O', 'O', 'O', 'O', 'O', 'O', 'O', 'O', 'O', 'O', 'O', 'O', 'B-overall', 'O', 'O', 'O', 'O', 'O', 'O', 'O', 'O']","['O', 'O', 'O', 'O', 'O', 'O', 'O', 'O', 'O', 'O', 'O', 'O', 'O', 'O', 'O', 'O', 'O', 'O', 'B-negative', 'O', 'O', 'O', 'O', 'O', 'O', 'O', 'O']"
"['my', 'sweater', 'was', 'quite', 'large', 'in', 'the', 'shoulders', 'and', 'waist', '.']","['O', 'O', 'O', 'O', 'O', 'O', 'O', 'B-shoulder', 'O', 'B-waist', 'O']","['O', 'O', 'O', 'O', 'O', 'O', 'O', 'B-negative', 'O', 'B-negative', 'O']"
"['personally', 'for', 'me', ',', 'it', 'just', 'looked', 'long', 'and', 'did', 'not', 'flatter', 'me', '.']","['O', 'O', 'O', 'O', 'O', 'O', 'O', 'B-length', 'O', 'O', 'O', 'O', 'O', 'O']","['O', 'O', 'O', 'O', 'O', 'O', 'O', 'B-negative', 'O', 'O', 'O', 'O', 'O', 'O']"
"['i', 'wanted', 'to', 'wear', 'it', 'over', 'dresses', ';', 'however', ',', 'it', 'looked', 'sloppy', 'on', 'me', '.']","['O', 'O', 'O', 'O', 'O', 'O', 'O', 'O', 'O', 'O', 'O', 'O', 'B-overall', 'O', 'O', 'O']","['O', 'O', 'O', 'O', 'O', 'O', 'O', 'O', 'O', 'O', 'O', 'O', 'B-negative', 'O', 'O', 'O']"
"['i', 'prefer', 'the', 'shorter', ',', 'cropped', 'cardigan', 'mod', 'cloth', 'has', '.']","['O', 'O', 'O', 'B-length_indirect', 'O', 'O', 'O', 'O', 'O', 'O', 'O']","['O', 'O', 'O', 'B-negative', 'O', 'O', 'O', 'O', 'O', 'O', 'O']"
"['love', 'the', 'color', 'but', 'the', 'fit', 'is', 'a', 'tad', 'big/wide', 'and', 'definitely', 'too', 'long', 'for', 'my', 'short', 'frame', '.']","['O', 'O', 'O', 'O', 'O', 'O', 'O', 'O', 'O', 'B-overall', 'O', 'O', 'O', 'B-length', 'O', 'O', 'O', 'O', 'O']","['O', 'O', 'O', 'O', 'O', 'O', 'O', 'O', 'O', 'B-negative', 'O', 'O', 'O', 'B-negative', 'O', 'O', 'O', 'O', 'O']"
"['i', 'was', 'hoping', 'for', 'a', 'tighter', 'fit', 'around', 'the', 'waist', '.']","['O', 'O', 'O', 'O', 'O', 'O', 'O', 'O', 'O', 'B-waist', 'O']","['O', 'O', 'O', 'O', 'O', 'O', 'O', 'O', 'O', 'B-negative', 'O']"
"['however', 'i', 'love', 'the', 'fit', 'and', 'length', 'of', 'the', 'sleeves', '.']","['O', 'O', 'O', 'O', 'O', 'O', 'O', 'O', 'O', 'B-sleeve', 'O']","['O', 'O', 'O', 'O', 'O', 'O', 'O', 'O', 'O', 'B-positive', 'O']"
"['the', 'fit', 'is', 'great', 'and', 'i', 'now', 'own', 'four', 'of', 'the', 'colors', 'with', 'plans', 'to', 'get', 'more', '!']","['O', 'B-overall', 'O', 'O', 'O', 'O', 'O', 'O', 'O', 'O', 'O', 'O', 'O', 'O', 'O', 'O', 'O', 'O']","['O', 'B-positive', 'O', 'O', 'O', 'O', 'O', 'O', 'O', 'O', 'O', 'O', 'O', 'O', 'O', 'O', 'O', 'O']"
"['when', 'i', 'got', 'the', 'cardigan', 'it', 'was', 'really', 'big', 'though', '.']","['O', 'O', 'O', 'O', 'O', 'O', 'O', 'O', 'B-overall', 'O', 'O']","['O', 'O', 'O', 'O', 'O', 'O', 'O', 'O', 'B-negative', 'O', 'O']"
"['perfect', 'as', 'a', 'slouchy', ',', 'longer', 'cardi', 'with', 'jeans', 'and', 'a', 'tshirt', ',', 'but', 'it', 'is', 'way', 'to', 'big', 'to', 'wear', 'with', 'dresses', 'and', 'look', 'cute', '.']","['O', 'O', 'O', 'O', 'O', 'O', 'O', 'O', 'O', 'O', 'O', 'O', 'O', 'O', 'O', 'O', 'O', 'O', 'B-overall', 'O', 'O', 'O', 'O', 'O', 'O', 'O', 'O']","['O', 'O', 'O', 'O', 'O', 'O', 'O', 'O', 'O', 'O', 'O', 'O', 'O', 'O', 'O', 'O', 'O', 'O', 'B-negative', 'O', 'O', 'O', 'O', 'O', 'O', 'O', 'O']"
"['i', 'ordered', 'the', 'large', 'the', 'next', 'time', 'around', 'and', 'that', 'fit', 'perfectly', '.']","['O', 'O', 'O', 'O', 'O', 'O', 'O', 'O', 'O', 'O', 'B-overall', 'O', 'O']","['O', 'O', 'O', 'O', 'O', 'O', 'O', 'O', 'O', 'O', 'B-positive', 'O', 'O']"
"['ran', 'big', 'on', 'me', 'wish', 'i', 'would', 'have', 'sized', 'down', '!']","['O', 'B-overall', 'O', 'O', 'O', 'O', 'O', 'O', 'O', 'O', 'O']","['O', 'B-negative', 'O', 'O', 'O', 'O', 'O', 'O', 'O', 'O', 'O']"
"['the', 'large', 'is', 'more', 'cozy', 'i', 'think', 'and', 'i', 'prefer', 'to', 'wear', 'it', 'unbuttoned', 'because', 'it', 'looks', 'slightly', 'baggy', 'otherwise', '.']","['O', 'O', 'O', 'O', 'O', 'O', 'O', 'O', 'O', 'O', 'O', 'O', 'O', 'B-buttoned', 'O', 'O', 'O', 'O', 'O', 'O', 'O']","['O', 'O', 'O', 'O', 'O', 'O', 'O', 'O', 'O', 'O', 'O', 'O', 'O', 'B-negative', 'O', 'O', 'O', 'O', 'O', 'O', 'O']"
"['they', 'run', 'a', 'little', 'big', 'for', 'me', '.']","['O', 'O', 'O', 'O', 'B-overall', 'O', 'O', 'O']","['O', 'O', 'O', 'O', 'B-negative', 'O', 'O', 'O']"
"['a', 'tad', 'long', 'on', 'my', 'short', 'frame', ',', 'of', 'course', ',', 'but', 'nothing', 'terrible', '.']","['O', 'O', 'B-length', 'O', 'O', 'O', 'O', 'O', 'O', 'O', 'O', 'O', 'O', 'O', 'O']","['O', 'O', 'B-negative', 'O', 'O', 'O', 'O', 'O', 'O', 'O', 'O', 'O', 'O', 'O', 'O']"
"['but', 'i', 'got', 'to', 'say', 'it', 'fits', 'awkwardly', '.']","['O', 'O', 'O', 'O', 'O', 'O', 'B-overall', 'O', 'O']","['O', 'O', 'O', 'O', 'O', 'O', 'B-negative', 'O', 'O']"
"['it', 'is', 'too', 'loose', 'on', 'the', 'shoulders', '.']","['O', 'O', 'O', 'O', 'O', 'O', 'B-shoulder', 'O']","['O', 'O', 'O', 'O', 'O', 'O', 'B-negative', 'O']"
"['this', 'fit', 'a', 'bit', 'large', ',', 'and', 'was', 'a', 'bit', 'flimsy.undecided', 'so', 'far', '.']","['O', 'B-overall', 'O', 'O', 'O', 'O', 'O', 'O', 'O', 'O', 'O', 'O', 'O', 'O']","['O', 'B-negative', 'O', 'O', 'O', 'O', 'O', 'O', 'O', 'O', 'O', 'O', 'O', 'O']"
"['i', 'am', 'petite', 'so', 'i', 'wish', 'this', 'came', 'in', 'a', 'petit', 'cut', 'as', 'it', 'is', 'a', 'little', 'long', 'on', 'me', '.']","['O', 'O', 'O', 'O', 'O', 'O', 'O', 'O', 'O', 'O', 'O', 'O', 'O', 'O', 'O', 'O', 'O', 'B-length', 'O', 'O', 'O']","['O', 'O', 'O', 'O', 'O', 'O', 'O', 'O', 'O', 'O', 'O', 'O', 'O', 'O', 'O', 'O', 'O', 'B-negative', 'O', 'O', 'O']"
"['i', 'bought', 'this', 'a', 'bit', 'big', 'but', 'it', 'is', 'a', 'great', 'colour', 'and', 'quality', '.']","['O', 'O', 'O', 'O', 'O', 'B-overall', 'O', 'O', 'O', 'O', 'O', 'O', 'O', 'O', 'O']","['O', 'O', 'O', 'O', 'O', 'B-negative', 'O', 'O', 'O', 'O', 'O', 'O', 'O', 'O', 'O']"
"['i', 'think', 'i', 'ordered', 'this', 'a', 'size', 'too', 'big', 'because', 'there', 'was', 'not', 'a', 'medium', 'in', 'stock', 'and', 'i', 'saw', 'a', 'review', 'that', 'said', 'they', 'ordered', 'up', 'and', 'it', 'was', 'okay', '.']","['O', 'O', 'O', 'O', 'O', 'O', 'O', 'O', 'B-overall', 'O', 'O', 'O', 'O', 'O', 'O', 'O', 'O', 'O', 'O', 'O', 'O', 'O', 'O', 'O', 'O', 'O', 'O', 'O', 'O', 'O', 'O', 'O']","['O', 'O', 'O', 'O', 'O', 'O', 'O', 'O', 'B-negative', 'O', 'O', 'O', 'O', 'O', 'O', 'O', 'O', 'O', 'O', 'O', 'O', 'O', 'O', 'O', 'O', 'O', 'O', 'O', 'O', 'O', 'O', 'O']"
"['almost', 'wish', 'they', 'had', 'an', 'xl', 'available', 'at', 'the', 'time', 'because', 'it', 'is', 'a', 'little', 'big', 'on', 'me', '.']","['O', 'O', 'O', 'O', 'O', 'O', 'O', 'O', 'O', 'O', 'O', 'O', 'O', 'O', 'O', 'B-overall', 'O', 'O', 'O']","['O', 'O', 'O', 'O', 'O', 'O', 'O', 'O', 'O', 'O', 'O', 'O', 'O', 'O', 'O', 'B-negative', 'O', 'O', 'O']"
"['no', 'big', 'deal', 'though', '!']","['O', 'O', 'O', 'O', 'O']","['O', 'B-negative', 'O', 'O', 'O']"
"['the', 'large', 'is', 'a', 'bit', 'tight', 'across', 'the', 'bust', '(', 'i', 'am', 'pretty', 'busty', ')', ',', 'but', 'i', 'do', 'not', 'think', 'i', 'would', 'want', 'it', 'any', 'bigger', 'in', 'other', 'places', '.']","['O', 'O', 'O', 'O', 'O', 'O', 'O', 'O', 'B-chest', 'O', 'O', 'O', 'O', 'O', 'O', 'O', 'O', 'O', 'O', 'O', 'O', 'O', 'O', 'O', 'O', 'O', 'O', 'O', 'O', 'O', 'O']","['O', 'O', 'O', 'O', 'O', 'O', 'O', 'O', 'B-negative', 'O', 'O', 'O', 'O', 'O', 'O', 'O', 'O', 'O', 'O', 'O', 'O', 'O', 'O', 'O', 'O', 'O', 'O', 'O', 'O', 'O', 'O']"
"['it', 'only', 'goes', 'down', 'to', 'my', 'waist', 'and', 'the', 'picture', 'made', 'it', 'seem', 'much', 'longer', ',', 'but', 'it', 'is', 'a', 'cute', 'additional', 'to', 'almost', 'any', 'dress', '.']","['O', 'O', 'O', 'O', 'O', 'O', 'B-length', 'O', 'O', 'O', 'O', 'O', 'O', 'O', 'O', 'O', 'O', 'O', 'O', 'O', 'O', 'O', 'O', 'O', 'O', 'O', 'O']","['O', 'O', 'O', 'O', 'O', 'O', 'B-negative', 'O', 'O', 'O', 'O', 'O', 'O', 'O', 'O', 'O', 'O', 'O', 'O', 'O', 'O', 'O', 'O', 'O', 'O', 'O', 'O']"
"['it', 'fits', 'well', 'in', 'the', 'waist', 'but', 'with', 'no', 'gaping', 'buttons', 'at', 'the', 'bust.a', 'good', 'wardrobe', 'staple', '.']","['O', 'O', 'O', 'O', 'O', 'B-waist', 'O', 'O', 'O', 'O', 'O', 'O', 'O', 'B-chest', 'O', 'O', 'O', 'O']","['O', 'O', 'O', 'O', 'O', 'B-positive', 'O', 'O', 'O', 'O', 'O', 'O', 'O', 'B-positive', 'O', 'O', 'O', 'O']"
"['the', 'sleeves', 'are', 'the', 'perfect', '3/4', 'length', 'and', 'they', 'do', 'not', 'get', 'all', 'stretched', 'out', 'in', 'the', 'elbows', 'like', 'some', 'sweaters', 'do', '.']","['O', 'B-sleeve', 'O', 'O', 'O', 'O', 'O', 'O', 'O', 'O', 'O', 'O', 'O', 'O', 'O', 'O', 'O', 'O', 'O', 'O', 'O', 'O', 'O']","['O', 'O', 'O', 'O', 'O', 'O', 'O', 'O', 'O', 'O', 'O', 'O', 'O', 'O', 'O', 'O', 'O', 'O', 'O', 'O', 'O', 'O', 'O']"
"['it', 'ends', 'perfectly', 'at', 'my', 'hip', 'and', 'it', 'is', 'the', 'perfect', 'size', '.']","['O', 'O', 'O', 'O', 'O', 'B-length', 'O', 'O', 'O', 'O', 'O', 'B-overall', 'O']","['O', 'O', 'O', 'O', 'O', 'B-positive', 'O', 'O', 'O', 'O', 'O', 'B-positive', 'O']"
"['the', 'material', 'quality', 'is', 'excellent', ',', 'but', 'i', 'do', 'wish', 'it', 'was', 'slightly', 'longer', '.']","['O', 'O', 'O', 'O', 'O', 'O', 'O', 'O', 'O', 'O', 'O', 'O', 'O', 'B-length_indirect', 'O']","['O', 'O', 'O', 'O', 'O', 'O', 'O', 'O', 'O', 'O', 'O', 'O', 'O', 'B-negative', 'O']"
"['while', 'the', 'cardi', 'is', 'roomy', 'when', 'closed', ',', 'it', 'drapes', 'nicely', 'when', 'worn', 'open', ',', 'which', 'is', 'how', 'i', 'wear', 'them', 'the', 'majority', 'of', 'the', 'time', '.']","['O', 'O', 'O', 'O', 'O', 'O', 'O', 'O', 'O', 'B-overall', 'O', 'O', 'O', 'O', 'O', 'O', 'O', 'O', 'O', 'O', 'O', 'O', 'O', 'O', 'O', 'O', 'O']","['O', 'O', 'O', 'O', 'O', 'O', 'O', 'O', 'O', 'B-positive', 'O', 'O', 'O', 'O', 'O', 'O', 'O', 'O', 'O', 'O', 'O', 'O', 'O', 'O', 'O', 'O', 'O']"
"['it', 'was', 'the', 'perfect', 'fit', 'and', 'the', 'perfect', 'color', '!']","['O', 'O', 'O', 'O', 'B-overall', 'O', 'O', 'O', 'O', 'O']","['O', 'O', 'O', 'O', 'B-positive', 'O', 'O', 'O', 'O', 'O']"
"['i', 'went', 'up', 'a', 'size', 'because', 'of', 'my', 'chest', 'and', 'it', 'fits', 'perfectly', '.']","['O', 'O', 'O', 'O', 'O', 'O', 'O', 'O', 'O', 'O', 'O', 'B-overall', 'O', 'O']","['O', 'O', 'O', 'O', 'O', 'O', 'O', 'O', 'O', 'O', 'O', 'B-positive', 'O', 'O']"
"['perfect', 'length', 'and', 'hangs', 'well', 'on', 'me', '.']","['O', 'B-length', 'O', 'O', 'O', 'O', 'O', 'O']","['O', 'O', 'O', 'O', 'O', 'O', 'O', 'O']"
"['i', 'have', 'got', 'very', 'broad', 'shoulders', 'so', 'the', 'l', 'was', 'perfect', '.']","['O', 'O', 'O', 'O', 'O', 'B-shoulder', 'O', 'O', 'O', 'O', 'O', 'O']","['O', 'O', 'O', 'O', 'O', 'B-positive', 'O', 'O', 'O', 'O', 'O', 'O']"
"['perfect', 'cardigan', ',', 'i', 'have', 'a', 'long', 'torso', 'so', 'length', 'is', 'always', 'an', 'issue', 'but', 'this', 'is', 'perfect', 'length', 'and', 'nice', 'and', 'light', 'weight', '.']","['O', 'O', 'O', 'O', 'O', 'O', 'O', 'O', 'O', 'O', 'O', 'O', 'O', 'O', 'O', 'O', 'O', 'O', 'B-length', 'O', 'O', 'O', 'O', 'O', 'O']","['O', 'O', 'O', 'O', 'O', 'O', 'O', 'O', 'O', 'O', 'O', 'O', 'O', 'O', 'O', 'O', 'O', 'O', 'B-positive', 'O', 'O', 'O', 'O', 'O', 'O']"
"['fits', 'fantastic', 'over', 'my', 'chest', 'without', 'gaps', 'between', 'buttons', 'trying', 'to', 'hold', 'onto', 'for', 'dear', 'life', 'but', 'still', 'fitted', 'enough', 'on', 'my', 'arms', 'and', 'midsection', 'without', 'being', 'bagging', 'looking', '.']","['O', 'O', 'O', 'O', 'B-chest', 'O', 'O', 'O', 'B-buttoned', 'O', 'O', 'O', 'O', 'O', 'O', 'O', 'O', 'O', 'O', 'O', 'O', 'O', 'B-sleeve', 'O', 'B-waist', 'O', 'O', 'O', 'O', 'O']","['O', 'O', 'O', 'O', 'B-positive', 'O', 'O', 'O', 'B-positive', 'O', 'O', 'O', 'O', 'O', 'O', 'O', 'O', 'O', 'O', 'O', 'O', 'O', 'B-positive', 'O', 'B-positive', 'O', 'O', 'O', 'O', 'O']"
"['it', 'does', 'not', 'button', 'up', 'well', 'for', 'me', 'but', 'my', 'bust', 'makes', 'things', 'that', 'button', 'very', 'uncomfortable', 'with', 'their', 'place', 'in', 'the', 'world', ',', 'so', 'i', 'generally', 'only', 'button', 'half', 'way', 'or', 'leave', 'it', 'open', '.']","['O', 'O', 'O', 'O', 'O', 'O', 'O', 'O', 'O', 'O', 'B-chest', 'O', 'O', 'O', 'O', 'O', 'O', 'O', 'O', 'O', 'O', 'O', 'O', 'O', 'O', 'O', 'O', 'O', 'O', 'O', 'O', 'O', 'O', 'O', 'O', 'O']","['O', 'O', 'O', 'O', 'O', 'O', 'O', 'O', 'O', 'O', 'B-negative', 'O', 'O', 'O', 'O', 'O', 'O', 'O', 'O', 'O', 'O', 'O', 'O', 'O', 'O', 'O', 'O', 'O', 'O', 'O', 'O', 'O', 'O', 'O', 'O', 'O']"
"['i', 'have', 'a', 'large', 'chest', 'and', 'have', 'no', 'problem', 'buttoning', 'it', 'up', '.']","['O', 'O', 'O', 'O', 'B-chest', 'O', 'O', 'O', 'O', 'B-buttoned', 'O', 'O', 'O']","['O', 'O', 'O', 'O', 'B-positive', 'O', 'O', 'O', 'O', 'B-positive', 'O', 'O', 'O']"
"['fit', 'gaps', 'at', 'the', 'chest', 'a', 'little', ',', 'but', 'i', 'plan', 'on', 'wearing', 'it', 'open', 'or', 'with', 'just', 'one', 'button', 'closed', 'anyway', '.']","['O', 'O', 'O', 'O', 'B-chest', 'O', 'O', 'O', 'O', 'O', 'O', 'O', 'O', 'O', 'O', 'O', 'O', 'O', 'O', 'O', 'O', 'O', 'O']","['O', 'O', 'O', 'O', 'B-negative', 'O', 'O', 'O', 'O', 'O', 'O', 'O', 'O', 'O', 'O', 'O', 'O', 'O', 'O', 'O', 'O', 'O', 'O']"
"['i', 'feel', 'like', 'it', 'is', 'on', 'the', 'shorter', 'side', ',', 'but', 'i', 'have', 'a', 'short', 'torso', 'so', 'it', 'works', 'for', 'me', '.']","['O', 'O', 'O', 'O', 'O', 'O', 'O', 'B-length', 'O', 'O', 'O', 'O', 'O', 'O', 'O', 'O', 'O', 'O', 'O', 'O', 'O', 'O']","['O', 'O', 'O', 'O', 'O', 'O', 'O', 'B-positive', 'O', 'O', 'O', 'O', 'O', 'O', 'O', 'O', 'O', 'O', 'O', 'O', 'O', 'O']"
"['the', 'honey', 'color', 'looks', 'very', 'rich', 'in', 'person', ',', 'and', 'my', 'chest', 'size', 'is', 'small', 'enough', 'that', 'i', 'am', 'able', 'to', 'wear', 'it', 'open', 'or', 'closed', '.']","['O', 'O', 'O', 'O', 'O', 'O', 'O', 'O', 'O', 'O', 'O', 'B-chest', 'O', 'O', 'O', 'O', 'O', 'O', 'O', 'O', 'O', 'O', 'O', 'O', 'O', 'O', 'O']","['O', 'O', 'O', 'O', 'O', 'O', 'O', 'O', 'O', 'O', 'O', 'B-positive', 'O', 'O', 'O', 'O', 'O', 'O', 'O', 'O', 'O', 'O', 'O', 'O', 'O', 'O', 'O']"
"['the', 'three', 'quarter', 'sleeves', 'work', 'especially', 'well', 'for', 'my', 'long', 'arms', ',', 'since', 'i', 'do', 'not', 'have', 'to', 'worry', 'about', 'the', 'sleeves', 'being', 'too', 'short', '.']","['O', 'O', 'O', 'B-sleeve', 'O', 'O', 'O', 'O', 'O', 'O', 'O', 'O', 'O', 'O', 'O', 'O', 'O', 'O', 'O', 'O', 'O', 'O', 'O', 'O', 'O', 'O']","['O', 'O', 'O', 'B-positive', 'O', 'O', 'O', 'O', 'O', 'O', 'O', 'O', 'O', 'O', 'O', 'O', 'O', 'O', 'O', 'O', 'O', 'O', 'O', 'O', 'O', 'O']"
"['i', 'bought', 'the', '1x', 'because', 'i', 'have', 'a', 'large', 'bust', 'and', 'cardigans', 'rarely', 'fit', ',', 'but', 'i', 'could', 'have', 'gotten', 'away', 'with', 'just', 'a', 'xl', '.']","['O', 'O', 'O', 'O', 'O', 'O', 'O', 'O', 'O', 'B-chest', 'O', 'O', 'O', 'O', 'O', 'O', 'O', 'O', 'O', 'O', 'O', 'O', 'O', 'O', 'O', 'O']","['O', 'O', 'O', 'O', 'O', 'O', 'O', 'O', 'O', 'B-positive', 'O', 'O', 'O', 'O', 'O', 'O', 'O', 'O', 'O', 'O', 'O', 'O', 'O', 'O', 'O', 'O']"
"['i', 'ordered', 'up', 'as', 'many', 'of', 'the', 'other', 'reviewers', 'recommended', 'and', 'it', 'fits', 'like', 'a', 'glove', '.']","['O', 'O', 'O', 'O', 'O', 'O', 'O', 'O', 'O', 'O', 'O', 'O', 'B-overall', 'O', 'O', 'O', 'O']","['O', 'O', 'O', 'O', 'O', 'O', 'O', 'O', 'O', 'O', 'O', 'O', 'B-positive', 'O', 'O', 'O', 'O']"
"['the', 'color', 'is', 'amazing', 'and', 'the', 'fit', 'is', 'on', 'point', '.']","['O', 'O', 'O', 'O', 'O', 'O', 'B-overall', 'O', 'O', 'O', 'O']","['O', 'O', 'O', 'O', 'O', 'O', 'B-positive', 'O', 'O', 'O', 'O']"
"['i', 'am', 'a', 'busty', 'girl', 'and', 'i', 'can', 'button', 'this', 'up', 'with', 'absolutely', 'no', 'gaping', 'in', 'the', 'chest', 'area', '.']","['O', 'O', 'O', 'O', 'O', 'O', 'O', 'O', 'B-buttoned', 'O', 'O', 'O', 'O', 'O', 'O', 'O', 'O', 'B-chest', 'O', 'O']","['O', 'O', 'O', 'O', 'O', 'O', 'O', 'O', 'B-positive', 'O', 'O', 'O', 'O', 'O', 'O', 'O', 'O', 'B-positive', 'O', 'O']"
"['i', 'have', 'a', 'very', 'large', 'chest', 'so', 'i', 'have', 'to', 'size', 'up', 'to', 'xl', 'for', 'it', 'to', 'button', 'properly', 'although', 'i', 'also', 'own', 'other', 'colors', 'in', 'l', 'and', 'they', 'fit', 'fine', 'unbuttoned', '.']","['O', 'O', 'O', 'O', 'O', 'B-chest', 'O', 'O', 'O', 'O', 'O', 'O', 'O', 'O', 'O', 'O', 'O', 'B-buttoned', 'O', 'O', 'O', 'O', 'O', 'O', 'O', 'O', 'O', 'O', 'O', 'O', 'O', 'O', 'O']","['O', 'O', 'O', 'O', 'O', 'B-positive', 'O', 'O', 'O', 'O', 'O', 'O', 'O', 'O', 'O', 'O', 'O', 'B-positive', 'O', 'O', 'O', 'O', 'O', 'O', 'O', 'O', 'O', 'O', 'O', 'O', 'O', 'O', 'O']"
"['i', 'have', 'a', 'short', 'torso', 'and', 'this', 'cardi', 'seems', 'a', 'bit', 'long', 'on', 'me', '.']","['O', 'O', 'O', 'O', 'O', 'O', 'O', 'O', 'O', 'O', 'O', 'B-length', 'O', 'O', 'O']","['O', 'O', 'O', 'O', 'O', 'O', 'O', 'O', 'O', 'O', 'O', 'B-negative', 'O', 'O', 'O']"
"['i', 'love', 'the', 'color', 'and', 'the', 'fit', '.']","['O', 'O', 'O', 'O', 'O', 'O', 'B-overall', 'O']","['O', 'O', 'O', 'O', 'O', 'O', 'B-positive', 'O']"
"['the', 'v', 'at', 'the', 'neckline', 'is', 'the', 'perfect', 'height', ',', 'not', 'too', 'low', '.']","['O', 'O', 'O', 'O', 'B-neck', 'O', 'O', 'O', 'O', 'O', 'O', 'O', 'O', 'O']","['O', 'O', 'O', 'O', 'B-positive', 'O', 'O', 'O', 'O', 'O', 'O', 'O', 'O', 'O']"
"['loved', 'the', 'color', 'and', 'fit', 'but', 'the', 'stiching', 'came', 'out', 'of', 'the', 'collar', 'part', 'and', 'split', 'the', 'collar', 'part', 'of', 'the', 'fabric', 'before', 'i', 'even', 'washed', 'it', '.']","['O', 'O', 'O', 'O', 'B-overall', 'O', 'O', 'O', 'O', 'O', 'O', 'O', 'O', 'O', 'O', 'O', 'O', 'O', 'O', 'O', 'O', 'O', 'O', 'O', 'O', 'O', 'O', 'O']","['O', 'O', 'O', 'O', 'B-positive', 'O', 'O', 'O', 'O', 'O', 'O', 'O', 'O', 'O', 'O', 'O', 'O', 'O', 'O', 'O', 'O', 'O', 'O', 'O', 'O', 'O', 'O', 'O']"
"['i', 'ordered', 'mine', 'in', 'large', 'even', 'though', 'i', 'wear', 'a', 'small', 'because', 'i', 'like', 'my', 'cardigans', 'to', 'be', 'loose', 'fitting', '.']","['O', 'O', 'O', 'O', 'O', 'O', 'O', 'O', 'O', 'O', 'O', 'O', 'O', 'O', 'O', 'O', 'O', 'O', 'O', 'B-overall_indirect', 'O']","['O', 'O', 'O', 'O', 'O', 'O', 'O', 'O', 'O', 'O', 'O', 'O', 'O', 'O', 'O', 'O', 'O', 'O', 'O', 'B-neutral', 'O']"
"['my', 'only', 'complaint', 'is', 'that', 'the', 'sleeves', 'get', 'really', 'loose', 'and', 'worn', 'in', 'quickly', '.']","['O', 'O', 'O', 'O', 'O', 'O', 'B-sleeve', 'O', 'O', 'O', 'O', 'O', 'O', 'O', 'O']","['O', 'O', 'O', 'O', 'O', 'O', 'B-negative', 'O', 'O', 'O', 'O', 'O', 'O', 'O', 'O']"
"['i', 'ended', 'up', 'getting', 'another', 'one', 'though', 'since', 'it', 'fit', 'so', 'nicely', '.']","['O', 'O', 'O', 'O', 'O', 'O', 'O', 'O', 'O', 'B-overall', 'O', 'O', 'O']","['O', 'O', 'O', 'O', 'O', 'O', 'O', 'O', 'O', 'B-positive', 'O', 'O', 'O']"
"['i', 'ordered', 's', 'size', 'up', 'and', 'it', 'fit', 'perfectly', '.']","['O', 'O', 'O', 'O', 'O', 'O', 'O', 'B-overall', 'O', 'O']","['O', 'O', 'O', 'O', 'O', 'O', 'O', 'B-positive', 'O', 'O']"
"['i', 'love', 'the', 'fit', 'and', 'color', '.']","['O', 'O', 'O', 'B-overall', 'O', 'O', 'O']","['O', 'O', 'O', 'B-positive', 'O', 'O', 'O']"
"['i', 'like', 'the', 'fit', 'of', 'these', 'cardigans', 'better', 'than', 'i', 'used', 'to', '(', 'different', 'brand', 'now', ',', 'i', 'think', ')', 'and', 'will', 'probably', 'end', 'up', 'buying', 'a', 'few', 'more', '.']","['O', 'O', 'O', 'B-overall', 'O', 'O', 'O', 'O', 'O', 'O', 'O', 'O', 'O', 'O', 'O', 'O', 'O', 'O', 'O', 'O', 'O', 'O', 'O', 'O', 'O', 'O', 'O', 'O', 'O', 'O']","['O', 'O', 'O', 'B-positive', 'O', 'O', 'O', 'O', 'O', 'O', 'O', 'O', 'O', 'O', 'O', 'O', 'O', 'O', 'O', 'O', 'O', 'O', 'O', 'O', 'O', 'O', 'O', 'O', 'O', 'O']"
"['the', 'quality', 'is', 'good', 'and', 'it', 'fit', 'perfect', '.']","['O', 'O', 'O', 'O', 'O', 'O', 'B-overall', 'O', 'O']","['O', 'O', 'O', 'O', 'O', 'O', 'B-positive', 'O', 'O']"
"['the', 'fit', 'is', 'perfect', ',', 'the', 'color', 'is', 'beautiful', 'and', 'the', 'quality', 'is', 'excellent', '.']","['O', 'B-overall', 'O', 'O', 'O', 'O', 'O', 'O', 'O', 'O', 'O', 'O', 'O', 'O', 'O']","['O', 'B-positive', 'O', 'O', 'O', 'O', 'O', 'O', 'O', 'O', 'O', 'O', 'O', 'O', 'O']"
"['i', 'like', 'keeping', 'them', 'unbuttoned', ',', 'i', 'am', 'aware', 'that', 'if', 'i', 'try', 'to', 'button', 'it', 'up', 'this', 'size', 'will', 'be', 'too', 'tight', 'for', 'me', '.']","['O', 'O', 'O', 'O', 'O', 'O', 'O', 'O', 'O', 'O', 'O', 'O', 'O', 'O', 'O', 'O', 'O', 'O', 'O', 'O', 'O', 'O', 'B-overall', 'O', 'O', 'O']","['O', 'O', 'O', 'O', 'O', 'O', 'O', 'O', 'O', 'O', 'O', 'O', 'O', 'O', 'O', 'O', 'O', 'O', 'O', 'O', 'O', 'O', 'B-negative', 'O', 'O', 'O']"
"['great', 'fit', 'and', 'the', 'sleeves', 'are', 'just', 'right', 'to', 'wear', 'over', 'tanks', 'and', 'dresses', 'in', 'the', 'cooler', 'months', '.']","['O', 'B-overall', 'O', 'O', 'B-sleeve', 'O', 'O', 'O', 'O', 'O', 'O', 'O', 'O', 'O', 'O', 'O', 'O', 'O', 'O']","['O', 'B-positive', 'O', 'O', 'B-positive', 'O', 'O', 'O', 'O', 'O', 'O', 'O', 'O', 'O', 'O', 'O', 'O', 'O', 'O']"
"['the', 'fit', 'was', 'like', 'a', 'glove', 'even', 'though', 'i', 'am', 'petite', 'in', 'my', 'arm', 'length', '.']","['O', 'B-overall', 'O', 'O', 'O', 'O', 'O', 'O', 'O', 'O', 'O', 'O', 'O', 'O', 'O', 'O']","['O', 'B-positive', 'O', 'O', 'O', 'O', 'O', 'O', 'O', 'O', 'O', 'O', 'O', 'O', 'O', 'O']"
"['perfect', '3/4', 'sleeve', 'cardigan', '!']","['O', 'O', 'B-sleeve', 'O', 'O']","['O', 'O', 'B-positive', 'O', 'O']"
"['i', 'would', 'not', 'have', 'minded', 'trying', 'a', '3x', 'to', 'see', 'if', 'it', 'was', 'less', 'snug', 'in', 'my', 'arms', 'but', 'looked', 'perfect', 'with', 'my', 'dress', '.']","['O', 'O', 'O', 'O', 'O', 'O', 'O', 'O', 'O', 'O', 'O', 'O', 'O', 'O', 'O', 'O', 'O', 'B-sleeve_indirect', 'O', 'O', 'O', 'O', 'O', 'O', 'O']","['O', 'O', 'O', 'O', 'O', 'O', 'O', 'O', 'O', 'O', 'O', 'O', 'O', 'O', 'O', 'O', 'O', 'B-negative', 'O', 'O', 'O', 'O', 'O', 'O', 'O']"
"['i', 'thought', 'when', 'i', 'bought', 'them', 'they', 'would', 'be', 'full', 'sleeve', 'but', 'they', 'are', '3/4', 'on', 'my', 'arms', 'which', 'is', 'fine', 'considering', 'i', 'always', 'roll', 'up', 'my', 'sleeves', 'anyway', '.']","['O', 'O', 'O', 'O', 'O', 'O', 'O', 'O', 'O', 'O', 'O', 'O', 'O', 'O', 'O', 'O', 'O', 'B-sleeve', 'O', 'O', 'O', 'O', 'O', 'O', 'O', 'O', 'O', 'O', 'O', 'O']","['O', 'O', 'O', 'O', 'O', 'O', 'O', 'O', 'O', 'O', 'O', 'O', 'O', 'O', 'O', 'O', 'O', 'B-neutral', 'O', 'O', 'O', 'O', 'O', 'O', 'O', 'O', 'O', 'O', 'O', 'O']"
"['fits', 'great', ',', 'can', 'button', 'up', ',', 'just', 'do', 'the', 'top', 'button', ',', 'or', 'keep', 'open', '.']","['B-overall', 'O', 'O', 'O', 'O', 'O', 'O', 'O', 'O', 'O', 'O', 'O', 'O', 'O', 'O', 'O', 'O']","['O', 'O', 'O', 'O', 'O', 'O', 'O', 'O', 'O', 'O', 'O', 'O', 'O', 'O', 'O', 'O', 'O']"
"['the', 'color', 'is', 'true', 'to', 'picture', 'and', 'the', 'fit', 'is', 'great', '.']","['O', 'O', 'O', 'O', 'O', 'O', 'O', 'O', 'B-overall', 'O', 'O', 'O']","['O', 'O', 'O', 'O', 'O', 'O', 'O', 'O', 'B-positive', 'O', 'O', 'O']"
"['i', 'find', 'the', 'length', 'of', 'the', 'arms', 'to', 'be', 'slightly', 'awkward', '.']","['O', 'O', 'O', 'O', 'O', 'O', 'B-sleeve', 'O', 'O', 'O', 'O', 'O']","['O', 'O', 'O', 'O', 'O', 'O', 'B-negative', 'O', 'O', 'O', 'O', 'O']"
"['the', 'arms', 'are', 'a', 'little', 'longer', 'than', 'i', 'thought', 'they', 'would', 'be', ',', 'but', 'it', 'looks', 'like', 'a', '3/4', 'sleeve', 'if', 'you', 'pull', 'them', 'up', 'just', 'a', 'tad', '.']","['O', 'B-sleeve', 'O', 'O', 'O', 'O', 'O', 'O', 'O', 'O', 'O', 'O', 'O', 'O', 'O', 'O', 'O', 'O', 'O', 'O', 'O', 'O', 'O', 'O', 'O', 'O', 'O', 'O', 'O']","['O', 'B-negative', 'O', 'O', 'O', 'O', 'O', 'O', 'O', 'O', 'O', 'O', 'O', 'O', 'O', 'O', 'O', 'O', 'O', 'O', 'O', 'O', 'O', 'O', 'O', 'O', 'O', 'O', 'O']"
"['the', 'fit', 'is', 'great', 'and', 'the', 'sleeve', 'length', 'is', 'very', 'flattering', '.']","['O', 'B-overall', 'O', 'O', 'O', 'O', 'B-sleeve', 'O', 'O', 'O', 'O', 'O']","['O', 'O', 'O', 'O', 'O', 'O', 'B-positive', 'O', 'O', 'O', 'O', 'O']"
"['sleeve', 'is', 'a', 'great', 'length', ',', 'especially', 'if', 'you', 'wear', 'a', 'watch', 'and', 'bracelets', 'everyday', '.']","['B-sleeve', 'O', 'O', 'O', 'O', 'O', 'O', 'O', 'O', 'O', 'O', 'O', 'O', 'O', 'O', 'O']","['O', 'O', 'O', 'O', 'O', 'O', 'O', 'O', 'O', 'O', 'O', 'O', 'O', 'O', 'O', 'O']"
"['i', 'do', 'wish', 'the', 'sleeves', 'were', 'full', 'length', 'instead', 'of', '3/4', ',', 'but', 'it', 'is', 'so', 'soft', 'and', 'comfortable', 'i', 'do', 'not', 'really', 'mind', '.']","['O', 'O', 'O', 'O', 'B-sleeve_indirect', 'O', 'O', 'O', 'O', 'O', 'O', 'O', 'O', 'O', 'O', 'O', 'O', 'O', 'O', 'O', 'O', 'O', 'O', 'O', 'O']","['O', 'O', 'O', 'O', 'B-negative', 'O', 'O', 'O', 'O', 'O', 'O', 'O', 'O', 'O', 'O', 'O', 'O', 'O', 'O', 'O', 'O', 'O', 'O', 'O', 'O']"
"['it', 'hits', 'in', 'just', 'the', 'right', 'place', 'on', 'your', 'hips', 'making', 'it', 'perfect', 'for', 'wearing', 'with', 'jeans', 'or', 'a', 'dress', 'and', 'the', 'three', 'quarter', 'length', 'sleeves', 'are', 'great', 'for', 'spring', 'and', 'fall', '.']","['O', 'O', 'O', 'O', 'O', 'O', 'O', 'O', 'O', 'B-length', 'O', 'O', 'O', 'O', 'O', 'O', 'O', 'O', 'O', 'O', 'O', 'O', 'O', 'O', 'O', 'B-sleeve', 'O', 'O', 'O', 'O', 'O', 'O', 'O']","['O', 'O', 'O', 'O', 'O', 'O', 'O', 'O', 'O', 'B-positive', 'O', 'O', 'O', 'O', 'O', 'O', 'O', 'O', 'O', 'O', 'O', 'O', 'O', 'O', 'O', 'B-positive', 'O', 'O', 'O', 'O', 'O', 'O', 'O']"
"['the', 'fabric', 'is', 'soft', 'and', 'comfortable', ',', 'the', 'length', 'goes', 'beautifully', 'with', 'dresses', 'and', 'skirts', ',', 'and', 'the', 'color', 'compliments', 'blues', 'so', 'well', 'i', 'can', 'not', 'wait', 'to', 'purchase', 'more', 'just', 'like', 'it', '!']","['O', 'O', 'O', 'O', 'O', 'O', 'O', 'O', 'B-length', 'O', 'O', 'O', 'O', 'O', 'O', 'O', 'O', 'O', 'O', 'O', 'O', 'O', 'O', 'O', 'O', 'O', 'O', 'O', 'O', 'O', 'O', 'O', 'O', 'O']","['O', 'O', 'O', 'O', 'O', 'O', 'O', 'O', 'B-positive', 'O', 'O', 'O', 'O', 'O', 'O', 'O', 'O', 'O', 'O', 'O', 'O', 'O', 'O', 'O', 'O', 'O', 'O', 'O', 'O', 'O', 'O', 'O', 'O', 'O']"
"['while', 'i', 'love', 'the', 'colour', ',', 'tall', 'girls/longtorsoed', 'girls', 'beware', ':', 'it', 'is', 'a', 'short', 'cardigan', 'so', 'if', 'you', 'are', 'looking', 'for', 'something', 'to', 'go', 'past', 'or', 'even', 'to', 'your', 'hips', ',', 'this', 'is', 'not', 'it', '.']","['O', 'O', 'O', 'O', 'O', 'O', 'O', 'O', 'O', 'O', 'O', 'O', 'O', 'O', 'B-length', 'O', 'O', 'O', 'O', 'O', 'O', 'O', 'O', 'O', 'O', 'O', 'O', 'O', 'O', 'O', 'O', 'O', 'O', 'O', 'O', 'O', 'O']","['O', 'O', 'O', 'O', 'O', 'O', 'O', 'O', 'O', 'O', 'O', 'O', 'O', 'O', 'B-negative', 'O', 'O', 'O', 'O', 'O', 'O', 'O', 'O', 'O', 'O', 'O', 'O', 'O', 'O', 'O', 'O', 'O', 'O', 'O', 'O', 'O', 'O']"
"['this', 'cardigan', 'is', 'a', 'dream', 'the', 'length', 'of', 'the', 'body', 'and', 'sleeves', 'is', 'perfect', 'and', 'the', 'quality', 'of', 'the', 'fabric', 'is', 'perfect', '!']","['O', 'O', 'O', 'O', 'O', 'O', 'B-length', 'O', 'O', 'O', 'O', 'B-sleeve', 'O', 'O', 'O', 'O', 'O', 'O', 'O', 'O', 'O', 'O', 'O']","['O', 'O', 'O', 'O', 'O', 'O', 'B-positive', 'O', 'O', 'O', 'O', 'B-positive', 'O', 'O', 'O', 'O', 'O', 'O', 'O', 'O', 'O', 'O', 'O']"
"['my', 'only', 'complaint', 'is', 'that', 'the', 'sleeves', 'are', 'a', 'bit', 'short', 'but', 'i', 'do', 'have', 'longish', 'arms', '!']","['O', 'O', 'O', 'O', 'O', 'O', 'B-sleeve', 'O', 'O', 'O', 'O', 'O', 'O', 'O', 'O', 'O', 'O', 'O']","['O', 'O', 'O', 'O', 'O', 'O', 'B-negative', 'O', 'O', 'O', 'O', 'O', 'O', 'O', 'O', 'O', 'O', 'O']"
"['i', 'like', 'the', 'length', 'and', 'i', 'feel', 'like', 'a', 'small', 'might', 'have', 'not', 'been', 'as', 'easy', 'to', 'later', 'things', 'underneath', '.']","['O', 'O', 'O', 'B-length', 'O', 'O', 'O', 'O', 'O', 'O', 'O', 'O', 'O', 'O', 'O', 'O', 'O', 'O', 'O', 'O', 'O']","['O', 'O', 'O', 'B-positive', 'O', 'O', 'O', 'O', 'O', 'O', 'O', 'O', 'O', 'O', 'O', 'O', 'O', 'O', 'O', 'O', 'O']"
"['goes', 'better', 'with', 'dresses', ',', 'though', 'a', 'tad', 'short', 'for', 'me', 'when', 'wearing', 'pants', '.']","['O', 'O', 'O', 'O', 'O', 'O', 'O', 'O', 'B-length', 'O', 'O', 'O', 'O', 'O', 'O']","['O', 'O', 'O', 'O', 'O', 'O', 'O', 'O', 'B-negative', 'O', 'O', 'O', 'O', 'O', 'O']"
"['the', 'color', 'is', 'bold', 'but', 'not', 'glaring', ',', 'and', 'the', 'fit', 'of', 'the', 'sweater', 'is', 'very', 'cute', '.']","['O', 'O', 'O', 'O', 'O', 'O', 'O', 'O', 'O', 'O', 'B-overall', 'O', 'O', 'O', 'O', 'O', 'O', 'O']","['O', 'O', 'O', 'O', 'O', 'O', 'O', 'O', 'O', 'O', 'B-positive', 'O', 'O', 'O', 'O', 'O', 'O', 'O']"
"['it', 'fits', 'me', 'comfortably', 'enough', 'that', 'i', 'have', 'the', 'option', 'to', 'wear', 'it', 'buttoned', 'up', ',', 'though', 'i', 'typically', 'prefer', 'to', 'wear', 'it', 'open', '.']","['O', 'B-overall', 'O', 'O', 'O', 'O', 'O', 'O', 'O', 'O', 'O', 'O', 'O', 'O', 'O', 'O', 'O', 'O', 'O', 'O', 'O', 'O', 'O', 'O', 'O']","['O', 'O', 'O', 'O', 'O', 'O', 'O', 'O', 'O', 'O', 'O', 'O', 'O', 'O', 'O', 'O', 'O', 'O', 'O', 'O', 'O', 'O', 'O', 'O', 'O']"
"['the', 'sleeves', 'hit', 'me', 'a', 'couple', 'inches', 'under', 'my', 'elbow', ',', 'which', 'is', 'a', 'good', 'transitional', 'length', 'for', 'the', 'season', '.']","['O', 'B-sleeve', 'O', 'O', 'O', 'O', 'O', 'O', 'O', 'O', 'O', 'O', 'O', 'O', 'O', 'O', 'O', 'O', 'O', 'O', 'O']","['O', 'B-positive', 'O', 'O', 'O', 'O', 'O', 'O', 'O', 'O', 'O', 'O', 'O', 'O', 'O', 'O', 'O', 'O', 'O', 'O', 'O']"
"['it', 'is', 'light', 'yet', 'warm', 'and', 'long', 'enough', 'to', 'be', 'work', 'appropriate', '.']","['O', 'O', 'O', 'O', 'O', 'O', 'B-length', 'O', 'O', 'O', 'O', 'O', 'O']","['O', 'O', 'O', 'O', 'O', 'O', 'B-positive', 'O', 'O', 'O', 'O', 'O', 'O']"
"['the', 'length', 'is', 'just', 'right', 'and', 'it', 'fits', 'perfectly', '?']","['O', 'B-length', 'O', 'O', 'O', 'O', 'O', 'B-overall', 'O', 'O']","['O', 'O', 'O', 'O', 'O', 'O', 'O', 'B-positive', 'O', 'O']"
"['the', 'sleeves', 'are', 'a', 'little', 'long', 'but', 'other', 'than', 'that', 'this', 'was', 'perfect', '!']","['O', 'B-sleeve', 'O', 'O', 'O', 'O', 'O', 'O', 'O', 'O', 'O', 'O', 'O', 'O']","['O', 'B-negative', 'O', 'O', 'O', 'O', 'O', 'O', 'O', 'O', 'O', 'O', 'O', 'O']"
"['really', 'cute', 'and', 'a', 'nice', 'fit', '.']","['O', 'O', 'O', 'O', 'O', 'B-overall', 'O']","['O', 'O', 'O', 'O', 'O', 'B-positive', 'O']"
